CodMacchina;DescrMacchina;Data;Work;Pause;Alarm;Down
15;19-INTEGREX_J200;2025-08-29 00:00:00.000;2.86472222;0.73111111;0.11361111;7.12722222
15;19-INTEGREX_J200;2025-08-28 00:00:00.000;7.73027777;5.96277777;4.82722222;5.47972222
15;19-INTEGREX_J200;2025-08-27 00:00:00.000;9.65972222;9.71333333;4.62194444;0.00500000
15;19-INTEGREX_J200;2025-08-26 00:00:00.000;8.33222222;8.65111111;7.01666666;0.00000000
15;19-INTEGREX_J200;2025-08-25 00:00:00.000;0.00000000;0.00000000;24.00000000;0.00000000
15;19-INTEGREX_J200;2025-08-24 00:00:00.000;0.00000000;0.00000000;24.00000000;0.00000000
15;19-INTEGREX_J200;2025-08-23 00:00:00.000;0.00000000;0.00000000;24.00000000;0.00000000
15;19-INTEGREX_J200;2025-08-22 00:00:00.000;0.00000000;0.00000000;24.00000000;0.00000000
15;19-INTEGREX_J200;2025-08-21 00:00:00.000;0.00000000;0.00000000;24.00000000;0.00000000
15;19-INTEGREX_J200;2025-08-20 00:00:00.000;0.00000000;0.00000000;24.00000000;0.00000000
15;19-INTEGREX_J200;2025-08-19 00:00:00.000;0.00000000;1.26611111;22.73388888;0.00000000
15;19-INTEGREX_J200;2025-08-18 00:00:00.000;0.00000000;15.21000000;8.79000000;0.00000000
15;19-INTEGREX_J200;2025-08-17 00:00:00.000;0.00000000;23.89888888;0.00000000;0.10111111
15;19-INTEGREX_J200;2025-08-16 00:00:00.000;0.00000000;24.00000000;0.00000000;0.00000000
15;19-INTEGREX_J200;2025-08-15 00:00:00.000;0.00000000;23.89666666;0.00000000;0.10333333
15;19-INTEGREX_J200;2025-08-14 00:00:00.000;0.00000000;16.80138888;7.19861111;0.00000000
15;19-INTEGREX_J200;2025-08-13 00:00:00.000;0.00000000;0.00000000;24.00000000;0.00000000
15;19-INTEGREX_J200;2025-08-12 00:00:00.000;0.00000000;0.00000000;24.00000000;0.00000000
15;19-INTEGREX_J200;2025-08-11 00:00:00.000;8.71916666;11.26388888;4.01694444;0.00000000
15;19-INTEGREX_J200;2025-08-10 00:00:00.000;0.00000000;24.00000000;0.00000000;0.00000000
15;19-INTEGREX_J200;2025-08-09 00:00:00.000;0.00000000;24.00000000;0.00000000;0.00000000
15;19-INTEGREX_J200;2025-08-08 00:00:00.000;13.89638888;4.02472222;6.07888888;0.00000000
15;19-INTEGREX_J200;2025-08-07 00:00:00.000;8.59555555;3.43472222;11.96972222;0.00000000
15;19-INTEGREX_J200;2025-08-06 00:00:00.000;7.64333333;2.49055555;12.42611111;1.44000000
15;19-INTEGREX_J200;2025-08-05 00:00:00.000;8.30944444;3.70972222;11.98083333;0.00000000
15;19-INTEGREX_J200;2025-08-04 00:00:00.000;6.62888888;5.17666666;5.94750000;6.24694444
15;19-INTEGREX_J200;2025-08-03 00:00:00.000;0.92277777;18.09833333;0.06750000;4.91138888
15;19-INTEGREX_J200;2025-08-02 00:00:00.000;11.74222222;1.91416666;0.01833333;10.32527777
15;19-INTEGREX_J200;2025-08-01 00:00:00.000;11.17194444;5.23777777;7.08972222;0.50055555
15;19-INTEGREX_J200;2025-07-31 00:00:00.000;3.14583333;7.76472222;13.08944444;0.00000000
15;19-INTEGREX_J200;2025-07-30 00:00:00.000;2.72472222;8.82194444;12.16250000;0.29083333
15;19-INTEGREX_J200;2025-07-29 00:00:00.000;12.65083333;5.71805555;5.41722222;0.21388888
15;19-INTEGREX_J200;2025-07-28 00:00:00.000;10.67277777;6.64805555;6.57250000;0.10666666
15;19-INTEGREX_J200;2025-07-27 00:00:00.000;0.00000000;0.01250000;23.98722222;0.00027777
15;19-INTEGREX_J200;2025-07-26 00:00:00.000;9.78500000;8.98055555;4.90777777;0.32666666
15;19-INTEGREX_J200;2025-07-25 00:00:00.000;13.11916666;10.87083333;0.01000000;0.00000000
15;19-INTEGREX_J200;2025-07-24 00:00:00.000;12.27583333;6.34777777;5.27500000;0.10138888
15;19-INTEGREX_J200;2025-07-23 00:00:00.000;17.45250000;6.26055555;0.28694444;0.00000000
15;19-INTEGREX_J200;2025-07-22 00:00:00.000;15.73222222;8.17222222;0.09555555;0.00000000
15;19-INTEGREX_J200;2025-07-21 00:00:00.000;8.06416666;10.09972222;5.83583333;0.00027777
15;19-INTEGREX_J200;2025-07-20 00:00:00.000;12.81944444;11.17750000;0.00305555;0.00000000
15;19-INTEGREX_J200;2025-07-19 00:00:00.000;10.16416666;13.83527777;0.00055555;0.00000000
15;19-INTEGREX_J200;2025-07-18 00:00:00.000;14.83611111;3.41527777;5.74861111;0.00000000
15;19-INTEGREX_J200;2025-07-17 00:00:00.000;15.81972222;8.09083333;0.08944444;0.00000000
15;19-INTEGREX_J200;2025-07-16 00:00:00.000;12.91527777;3.93972222;7.14500000;0.00000000
15;19-INTEGREX_J200;2025-07-15 00:00:00.000;4.18444444;14.41750000;5.39805555;0.00000000
15;19-INTEGREX_J200;2025-07-14 00:00:00.000;10.92777777;12.86166666;0.21055555;0.00000000
15;19-INTEGREX_J200;2025-07-13 00:00:00.000;16.03611111;7.96388888;0.00000000;0.00000000
15;19-INTEGREX_J200;2025-07-12 00:00:00.000;12.08833333;5.71694444;5.99583333;0.19888888
15;19-INTEGREX_J200;2025-07-11 00:00:00.000;21.39388888;2.59027777;0.00916666;0.00666666
15;19-INTEGREX_J200;2025-07-10 00:00:00.000;14.56833333;6.00472222;3.34416666;0.08277777
15;19-INTEGREX_J200;2025-07-09 00:00:00.000;11.91472222;5.09500000;0.01833333;6.97194444
15;19-INTEGREX_J200;2025-07-08 00:00:00.000;8.29527777;9.45638888;0.01722222;6.23111111
15;19-INTEGREX_J200;2025-07-07 00:00:00.000;7.13444444;16.60222222;0.01333333;0.25000000
15;19-INTEGREX_J200;2025-07-06 00:00:00.000;14.60972222;9.31555555;0.07472222;0.00000000
15;19-INTEGREX_J200;2025-07-05 00:00:00.000;18.29000000;5.36083333;0.00861111;0.34055555
15;19-INTEGREX_J200;2025-07-04 00:00:00.000;6.46583333;9.04361111;0.28250000;8.20805555
15;19-INTEGREX_J200;2025-07-03 00:00:00.000;3.61861111;8.84222222;9.76555555;1.77361111
15;19-INTEGREX_J200;2025-07-02 00:00:00.000;0.00000000;19.64777777;4.35222222;0.00000000
15;19-INTEGREX_J200;2025-07-01 00:00:00.000;6.76611111;11.87500000;5.31777777;0.04111111
15;19-INTEGREX_J200;2025-06-30 00:00:00.000;9.20388888;11.04750000;3.74833333;0.00027777
15;19-INTEGREX_J200;2025-06-29 00:00:00.000;0.00000000;24.00000000;0.00000000;0.00000000
15;19-INTEGREX_J200;2025-06-28 00:00:00.000;4.94944444;18.66055555;0.00277777;0.38722222
15;19-INTEGREX_J200;2025-06-27 00:00:00.000;5.85055555;11.96222222;6.18722222;0.00000000
15;19-INTEGREX_J200;2025-06-26 00:00:00.000;12.73888888;11.15722222;0.10388888;0.00000000
15;19-INTEGREX_J200;2025-06-25 00:00:00.000;7.97583333;6.62333333;9.40083333;0.00000000
15;19-INTEGREX_J200;2025-06-24 00:00:00.000;12.54500000;7.35000000;4.10500000;0.00000000
15;19-INTEGREX_J200;2025-06-23 00:00:00.000;11.30500000;6.45388888;0.19888888;6.04222222
15;19-INTEGREX_J200;2025-06-22 00:00:00.000;15.89555555;8.10305555;0.00138888;0.00000000
15;19-INTEGREX_J200;2025-06-21 00:00:00.000;18.53111111;5.26444444;0.00000000;0.20444444
15;19-INTEGREX_J200;2025-06-20 00:00:00.000;11.17166666;12.67027777;0.03416666;0.12388888
15;19-INTEGREX_J200;2025-06-19 00:00:00.000;18.79805555;5.10027777;0.00333333;0.09833333
15;19-INTEGREX_J200;2025-06-18 00:00:00.000;18.97944444;4.97500000;0.04555555;0.00000000
15;19-INTEGREX_J200;2025-06-17 00:00:00.000;18.57500000;5.39583333;0.02916666;0.00000000
15;19-INTEGREX_J200;2025-06-16 00:00:00.000;12.64666666;4.22833333;7.03805555;0.08694444
15;19-INTEGREX_J200;2025-06-15 00:00:00.000;7.73888888;8.23027777;8.03083333;0.00000000
15;19-INTEGREX_J200;2025-06-14 00:00:00.000;14.44722222;9.11972222;0.33361111;0.09944444
15;19-INTEGREX_J200;2025-06-13 00:00:00.000;19.40972222;4.56416666;0.02611111;0.00000000
15;19-INTEGREX_J200;2025-06-12 00:00:00.000;19.35944444;4.59944444;0.03888888;0.00222222
15;19-INTEGREX_J200;2025-06-11 00:00:00.000;17.66555555;5.99361111;0.00833333;0.33250000
15;19-INTEGREX_J200;2025-06-10 00:00:00.000;15.46250000;8.28777777;0.14111111;0.10861111
15;19-INTEGREX_J200;2025-06-09 00:00:00.000;12.51722222;11.48027777;0.00250000;0.00000000
15;19-INTEGREX_J200;2025-06-08 00:00:00.000;13.40666666;10.59333333;0.00000000;0.00000000
15;19-INTEGREX_J200;2025-06-07 00:00:00.000;11.38000000;12.60722222;0.00472222;0.00805555
15;19-INTEGREX_J200;2025-06-06 00:00:00.000;13.31638888;10.66250000;0.02111111;0.00000000
15;19-INTEGREX_J200;2025-06-05 00:00:00.000;13.33666666;9.65750000;0.84833333;0.15750000
15;19-INTEGREX_J200;2025-06-04 00:00:00.000;21.38055555;2.51416666;0.00027777;0.10500000
15;19-INTEGREX_J200;2025-06-03 00:00:00.000;12.93138888;10.94972222;0.01833333;0.10055555
15;19-INTEGREX_J200;2025-06-02 00:00:00.000;17.95916666;5.98611111;0.00000000;0.05472222
15;19-INTEGREX_J200;2025-06-01 00:00:00.000;16.96750000;7.03250000;0.00000000;0.00000000
15;19-INTEGREX_J200;2025-05-31 00:00:00.000;18.69944444;5.27111111;0.01027777;0.01916666
15;19-INTEGREX_J200;2025-05-30 00:00:00.000;19.06833333;4.62583333;0.10916666;0.19666666
15;19-INTEGREX_J200;2025-05-29 00:00:00.000;10.20083333;13.30805555;0.14222222;0.34888888
15;19-INTEGREX_J200;2025-05-28 00:00:00.000;0.00000000;23.89583333;0.00000000;0.10416666
15;19-INTEGREX_J200;2025-05-27 00:00:00.000;0.00000000;23.99972222;0.00000000;0.00027777
15;19-INTEGREX_J200;2025-05-26 00:00:00.000;0.00000000;23.79416666;0.00000000;0.20583333
15;19-INTEGREX_J200;2025-05-25 00:00:00.000;0.00000000;24.00000000;0.00000000;0.00000000
15;19-INTEGREX_J200;2025-05-24 00:00:00.000;0.00000000;22.53333333;0.00000000;1.46666666
15;19-INTEGREX_J200;2025-05-23 00:00:00.000;0.00000000;6.82166666;4.78166666;12.39666666
15;19-INTEGREX_J200;2025-05-22 00:00:00.000;0.00000000;0.00000000;0.00000000;24.00000000
15;19-INTEGREX_J200;2025-05-21 00:00:00.000;0.00000000;0.00000000;0.00000000;24.00000000
15;19-INTEGREX_J200;2025-05-20 00:00:00.000;0.00194444;7.74083333;0.32111111;15.93611111
15;19-INTEGREX_J200;2025-05-19 00:00:00.000;8.72527777;8.29833333;6.97638888;0.00000000
15;19-INTEGREX_J200;2025-05-18 00:00:00.000;0.00000000;0.00000000;24.00000000;0.00000000
15;19-INTEGREX_J200;2025-05-17 00:00:00.000;1.01833333;17.39138888;5.59027777;0.00000000
15;19-INTEGREX_J200;2025-05-16 00:00:00.000;12.62361111;11.37638888;0.00000000;0.00000000
15;19-INTEGREX_J200;2025-05-15 00:00:00.000;10.77000000;6.20166666;7.02833333;0.00000000
15;19-INTEGREX_J200;2025-05-14 00:00:00.000;7.77500000;10.29000000;5.91305555;0.02194444
15;19-INTEGREX_J200;2025-05-13 00:00:00.000;18.15277777;5.84583333;0.00138888;0.00000000
15;19-INTEGREX_J200;2025-05-12 00:00:00.000;16.56833333;7.38833333;0.04333333;0.00000000
15;19-INTEGREX_J200;2025-05-11 00:00:00.000;17.31416666;6.68583333;0.00000000;0.00000000
15;19-INTEGREX_J200;2025-05-10 00:00:00.000;21.78750000;2.20000000;0.00000000;0.01250000
15;19-INTEGREX_J200;2025-05-09 00:00:00.000;12.42138888;11.57111111;0.00750000;0.00000000
15;19-INTEGREX_J200;2025-05-08 00:00:00.000;19.67500000;4.31638888;0.00861111;0.00000000
15;19-INTEGREX_J200;2025-05-07 00:00:00.000;16.25027777;7.55083333;0.08888888;0.11000000
15;19-INTEGREX_J200;2025-05-06 00:00:00.000;16.51444444;7.42694444;0.05861111;0.00000000
15;19-INTEGREX_J200;2025-05-05 00:00:00.000;16.65444444;7.34305555;0.00250000;0.00000000
15;19-INTEGREX_J200;2025-05-04 00:00:00.000;15.35472222;8.64222222;0.00305555;0.00000000
15;19-INTEGREX_J200;2025-05-03 00:00:00.000;18.89805555;5.10194444;0.00000000;0.00000000
15;19-INTEGREX_J200;2025-05-02 00:00:00.000;12.89777777;11.07444444;0.02777777;0.00000000
15;19-INTEGREX_J200;2025-05-01 00:00:00.000;18.33611111;5.66305555;0.00083333;0.00000000
15;19-INTEGREX_J200;2025-04-30 00:00:00.000;12.17277777;11.75861111;0.06861111;0.00000000
15;19-INTEGREX_J200;2025-04-29 00:00:00.000;17.56833333;6.40194444;0.02972222;0.00000000
15;19-INTEGREX_J200;2025-04-28 00:00:00.000;11.32527777;12.62888888;0.04583333;0.00000000
15;19-INTEGREX_J200;2025-04-27 00:00:00.000;0.00000000;24.00000000;0.00000000;0.00000000
15;19-INTEGREX_J200;2025-04-26 00:00:00.000;15.11916666;8.88083333;0.00000000;0.00000000
15;19-INTEGREX_J200;2025-04-25 00:00:00.000;20.13166666;3.86833333;0.00000000;0.00000000
15;19-INTEGREX_J200;2025-04-24 00:00:00.000;21.17694444;2.82277777;0.00027777;0.00000000
15;19-INTEGREX_J200;2025-04-23 00:00:00.000;20.20361111;3.79638888;0.00000000;0.00000000
15;19-INTEGREX_J200;2025-04-22 00:00:00.000;16.74250000;7.17916666;0.06638888;0.01194444
15;19-INTEGREX_J200;2025-04-21 00:00:00.000;23.12361111;0.87638888;0.00000000;0.00000000
15;19-INTEGREX_J200;2025-04-20 00:00:00.000;16.87444444;7.12555555;0.00000000;0.00000000
15;19-INTEGREX_J200;2025-04-19 00:00:00.000;22.07555555;1.91916666;0.00527777;0.00000000
15;19-INTEGREX_J200;2025-04-18 00:00:00.000;16.11916666;7.84555555;0.03527777;0.00000000
15;19-INTEGREX_J200;2025-04-17 00:00:00.000;16.69416666;5.27722222;2.02861111;0.00000000
15;19-INTEGREX_J200;2025-04-16 00:00:00.000;17.44777777;6.52250000;0.02972222;0.00000000
15;19-INTEGREX_J200;2025-04-15 00:00:00.000;17.81555555;6.08000000;0.10444444;0.00000000
15;19-INTEGREX_J200;2025-04-14 00:00:00.000;11.35666666;12.36694444;0.27638888;0.00000000
15;19-INTEGREX_J200;2025-04-13 00:00:00.000;4.73194444;10.92611111;8.34194444;0.00000000
15;19-INTEGREX_J200;2025-04-12 00:00:00.000;21.91916666;2.08083333;0.00000000;0.00000000
15;19-INTEGREX_J200;2025-04-11 00:00:00.000;19.15194444;4.84805555;0.00000000;0.00000000
15;19-INTEGREX_J200;2025-04-10 00:00:00.000;16.38972222;7.35250000;0.05000000;0.20777777
15;19-INTEGREX_J200;2025-04-09 00:00:00.000;17.43611111;6.56166666;0.00222222;0.00000000
15;19-INTEGREX_J200;2025-04-08 00:00:00.000;17.32361111;6.66500000;0.01138888;0.00000000
15;19-INTEGREX_J200;2025-04-07 00:00:00.000;13.27361111;10.72444444;0.00194444;0.00000000
15;19-INTEGREX_J200;2025-04-06 00:00:00.000;11.72250000;12.27750000;0.00000000;0.00000000
15;19-INTEGREX_J200;2025-04-05 00:00:00.000;17.27472222;6.72527777;0.00000000;0.00000000
15;19-INTEGREX_J200;2025-04-04 00:00:00.000;9.74055555;8.84777777;5.41166666;0.00000000
15;19-INTEGREX_J200;2025-04-03 00:00:00.000;9.74944444;13.99305555;0.25750000;0.00000000
15;19-INTEGREX_J200;2025-04-02 00:00:00.000;16.87583333;7.12277777;0.00138888;0.00000000
15;19-INTEGREX_J200;2025-04-01 00:00:00.000;14.78111111;9.21638888;0.00250000;0.00000000
15;19-INTEGREX_J200;2025-03-31 00:00:00.000;15.43861111;8.56055555;0.00083333;0.00000000
15;19-INTEGREX_J200;2025-03-30 00:00:00.000;16.66250000;7.32555555;0.01194444;0.00000000
15;19-INTEGREX_J200;2025-03-29 00:00:00.000;13.74666666;2.17361111;7.98083333;0.09888888
15;19-INTEGREX_J200;2025-03-28 00:00:00.000;13.58583333;5.32111111;5.09305555;0.00000000
15;19-INTEGREX_J200;2025-03-27 00:00:00.000;11.01888888;12.87361111;0.10750000;0.00000000
15;19-INTEGREX_J200;2025-03-26 00:00:00.000;16.55083333;4.21166666;3.23750000;0.00000000
15;19-INTEGREX_J200;2025-03-25 00:00:00.000;19.80500000;4.19388888;0.00111111;0.00000000
15;19-INTEGREX_J200;2025-03-24 00:00:00.000;16.05972222;7.91861111;0.02166666;0.00000000
15;19-INTEGREX_J200;2025-03-23 00:00:00.000;16.72861111;7.27138888;0.00000000;0.00000000
15;19-INTEGREX_J200;2025-03-22 00:00:00.000;18.28638888;5.71361111;0.00000000;0.00000000
15;19-INTEGREX_J200;2025-03-21 00:00:00.000;13.96472222;9.90333333;0.13194444;0.00000000
15;19-INTEGREX_J200;2025-03-20 00:00:00.000;12.19666666;11.71722222;0.02694444;0.05916666
15;19-INTEGREX_J200;2025-03-19 00:00:00.000;14.49138888;8.95111111;0.54527777;0.01222222
15;19-INTEGREX_J200;2025-03-18 00:00:00.000;11.18777777;12.78722222;0.02500000;0.00000000
15;19-INTEGREX_J200;2025-03-17 00:00:00.000;10.60083333;13.38166666;0.01750000;0.00000000
15;19-INTEGREX_J200;2025-03-16 00:00:00.000;17.42083333;3.70944444;2.86972222;0.00000000
15;19-INTEGREX_J200;2025-03-15 00:00:00.000;20.93805555;3.05250000;0.00944444;0.00000000
15;19-INTEGREX_J200;2025-03-14 00:00:00.000;19.57555555;4.42361111;0.00083333;0.00000000
15;19-INTEGREX_J200;2025-03-13 00:00:00.000;13.02555555;10.86166666;0.02583333;0.08694444
15;19-INTEGREX_J200;2025-03-12 00:00:00.000;11.16583333;12.82222222;0.01194444;0.00000000
15;19-INTEGREX_J200;2025-03-11 00:00:00.000;15.80500000;8.19361111;0.00138888;0.00000000
15;19-INTEGREX_J200;2025-03-10 00:00:00.000;12.92138888;10.97833333;0.08666666;0.01361111
15;19-INTEGREX_J200;2025-03-09 00:00:00.000;17.49138888;6.50861111;0.00000000;0.00000000
15;19-INTEGREX_J200;2025-03-08 00:00:00.000;22.12500000;1.76166666;0.00194444;0.11138888
15;19-INTEGREX_J200;2025-03-07 00:00:00.000;19.02222222;4.97416666;0.00361111;0.00000000
15;19-INTEGREX_J200;2025-03-06 00:00:00.000;11.34416666;12.65583333;0.00000000;0.00000000
15;19-INTEGREX_J200;2025-03-05 00:00:00.000;15.09805555;8.89472222;0.00722222;0.00000000
15;19-INTEGREX_J200;2025-03-04 00:00:00.000;15.94944444;8.05055555;0.00000000;0.00000000
15;19-INTEGREX_J200;2025-03-03 00:00:00.000;15.72833333;8.24611111;0.02555555;0.00000000
15;19-INTEGREX_J200;2025-03-02 00:00:00.000;16.14388888;7.85611111;0.00000000;0.00000000
15;19-INTEGREX_J200;2025-03-01 00:00:00.000;22.70111111;1.29861111;0.00027777;0.00000000
15;19-INTEGREX_J200;2025-02-28 00:00:00.000;18.40750000;5.59166666;0.00027777;0.00055555
15;19-INTEGREX_J200;2025-02-27 00:00:00.000;19.09444444;4.90500000;0.00055555;0.00000000
15;19-INTEGREX_J200;2025-02-26 00:00:00.000;18.81777777;5.18222222;0.00000000;0.00000000
15;19-INTEGREX_J200;2025-02-25 00:00:00.000;17.40000000;6.22888888;0.01138888;0.35972222
15;19-INTEGREX_J200;2025-02-24 00:00:00.000;10.73833333;13.26111111;0.00055555;0.00000000
15;19-INTEGREX_J200;2025-02-23 00:00:00.000;0.00750000;23.62222222;0.37027777;0.00000000
15;19-INTEGREX_J200;2025-02-22 00:00:00.000;17.03666666;6.69583333;0.04111111;0.22638888
15;19-INTEGREX_J200;2025-02-21 00:00:00.000;10.37472222;5.36888888;8.25638888;0.00000000
15;19-INTEGREX_J200;2025-02-20 00:00:00.000;5.87250000;5.76555555;12.35027777;0.01166666
15;19-INTEGREX_J200;2025-02-19 00:00:00.000;10.56555555;8.47166666;4.96277777;0.00000000
15;19-INTEGREX_J200;2025-02-18 00:00:00.000;9.55027777;11.84694444;2.59472222;0.00805555
15;19-INTEGREX_J200;2025-02-17 00:00:00.000;16.51194444;7.37916666;0.10888888;0.00000000
15;19-INTEGREX_J200;2025-02-16 00:00:00.000;11.95638888;11.93416666;0.01111111;0.09833333
15;19-INTEGREX_J200;2025-02-15 00:00:00.000;12.56000000;3.33194444;8.08805555;0.02000000
15;19-INTEGREX_J200;2025-02-14 00:00:00.000;6.55916666;6.99138888;10.44944444;0.00000000
15;19-INTEGREX_J200;2025-02-13 00:00:00.000;12.92916666;7.08666666;3.97527777;0.00888888
15;19-INTEGREX_J200;2025-02-12 00:00:00.000;17.69250000;6.10305555;0.20444444;0.00000000
15;19-INTEGREX_J200;2025-02-11 00:00:00.000;17.93194444;6.05972222;0.00833333;0.00000000
15;19-INTEGREX_J200;2025-02-10 00:00:00.000;16.22361111;7.76194444;0.01444444;0.00000000
15;19-INTEGREX_J200;2025-02-09 00:00:00.000;15.39555555;8.60444444;0.00000000;0.00000000
15;19-INTEGREX_J200;2025-02-08 00:00:00.000;22.75694444;1.24305555;0.00000000;0.00000000
15;19-INTEGREX_J200;2025-02-07 00:00:00.000;19.60138888;4.36861111;0.03000000;0.00000000
15;19-INTEGREX_J200;2025-02-06 00:00:00.000;10.25805555;5.73250000;8.00944444;0.00000000
15;19-INTEGREX_J200;2025-02-05 00:00:00.000;3.00694444;7.74416666;13.24888888;0.00000000
15;19-INTEGREX_J200;2025-02-04 00:00:00.000;6.42277777;12.09722222;5.48000000;0.00000000
15;19-INTEGREX_J200;2025-02-03 00:00:00.000;15.75777777;8.23555555;0.00666666;0.00000000
15;19-INTEGREX_J200;2025-02-02 00:00:00.000;19.37611111;4.61444444;0.00000000;0.00944444
15;19-INTEGREX_J200;2025-02-01 00:00:00.000;14.42583333;9.57250000;0.00166666;0.00000000
15;19-INTEGREX_J200;2025-01-31 00:00:00.000;15.21444444;8.74138888;0.04416666;0.00000000
15;19-INTEGREX_J200;2025-01-30 00:00:00.000;12.76583333;11.23055555;0.00361111;0.00000000
15;19-INTEGREX_J200;2025-01-29 00:00:00.000;18.94805555;4.93583333;0.11611111;0.00000000
15;19-INTEGREX_J200;2025-01-28 00:00:00.000;18.22000000;5.77166666;0.00305555;0.00527777
15;19-INTEGREX_J200;2025-01-27 00:00:00.000;16.49027777;7.44833333;0.06138888;0.00000000
15;19-INTEGREX_J200;2025-01-26 00:00:00.000;21.27694444;2.72305555;0.00000000;0.00000000
15;19-INTEGREX_J200;2025-01-25 00:00:00.000;11.93166666;4.50305555;7.56527777;0.00000000
15;19-INTEGREX_J200;2025-01-24 00:00:00.000;15.19250000;6.57027777;2.23722222;0.00000000
15;19-INTEGREX_J200;2025-01-23 00:00:00.000;19.29444444;4.11583333;0.58972222;0.00000000
15;19-INTEGREX_J200;2025-01-22 00:00:00.000;20.82888888;3.16361111;0.00750000;0.00000000
15;19-INTEGREX_J200;2025-01-21 00:00:00.000;18.47611111;5.49777777;0.00416666;0.02194444
15;19-INTEGREX_J200;2025-01-20 00:00:00.000;15.81888888;8.17138888;0.00972222;0.00000000
15;19-INTEGREX_J200;2025-01-19 00:00:00.000;19.00777777;4.99194444;0.00027777;0.00000000
15;19-INTEGREX_J200;2025-01-18 00:00:00.000;12.82888888;2.99027777;8.18083333;0.00000000
15;19-INTEGREX_J200;2025-01-17 00:00:00.000;5.65166666;13.37194444;4.97638888;0.00000000
15;19-INTEGREX_J200;2025-01-16 00:00:00.000;5.63000000;17.29750000;0.59944444;0.47305555
15;19-INTEGREX_J200;2025-01-15 00:00:00.000;1.70888888;22.09666666;0.19444444;0.00000000
15;19-INTEGREX_J200;2025-01-14 00:00:00.000;0.00000000;24.00000000;0.00000000;0.00000000
15;19-INTEGREX_J200;2025-01-13 00:00:00.000;0.76861111;21.20305555;0.03611111;1.99222222
15;19-INTEGREX_J200;2025-01-12 00:00:00.000;0.00000000;24.00000000;0.00000000;0.00000000
15;19-INTEGREX_J200;2025-01-11 00:00:00.000;0.00000000;2.48166666;0.00000000;21.51833333
15;19-INTEGREX_J200;2025-01-10 00:00:00.000;0.00000000;0.00000000;0.00000000;24.00000000
15;19-INTEGREX_J200;2025-01-09 00:00:00.000;0.00000000;0.00000000;0.00000000;24.00000000
15;19-INTEGREX_J200;2025-01-08 00:00:00.000;0.00000000;0.44861111;0.00000000;23.55138888
15;19-INTEGREX_J200;2025-01-07 00:00:00.000;0.17388888;12.32527777;5.52861111;5.97222222
15;19-INTEGREX_J200;2025-01-06 00:00:00.000;0.00000000;0.00000000;24.00000000;0.00000000
15;19-INTEGREX_J200;2025-01-05 00:00:00.000;0.00000000;0.00000000;24.00000000;0.00000000
15;19-INTEGREX_J200;2025-01-04 00:00:00.000;0.00000000;0.00000000;24.00000000;0.00000000
15;19-INTEGREX_J200;2025-01-03 00:00:00.000;8.04555555;14.45527777;1.48472222;0.01444444
15;19-INTEGREX_J200;2025-01-02 00:00:00.000;11.07111111;12.92888888;0.00000000;0.00000000
15;19-INTEGREX_J200;2025-01-01 00:00:00.000;0.00000000;24.00000000;0.00000000;0.00000000
15;19-INTEGREX_J200;2024-12-31 00:00:00.000;2.91111111;21.08833333;0.00000000;0.00055555
15;19-INTEGREX_J200;2024-12-30 00:00:00.000;9.93555555;14.05638888;0.00805555;0.00000000
15;19-INTEGREX_J200;2024-12-29 00:00:00.000;0.00000000;24.00000000;0.00000000;0.00000000
15;19-INTEGREX_J200;2024-12-28 00:00:00.000;8.89083333;15.10916666;0.00000000;0.00000000
15;19-INTEGREX_J200;2024-12-27 00:00:00.000;9.09222222;14.84527777;0.06250000;0.00000000
15;19-INTEGREX_J200;2024-12-26 00:00:00.000;4.11666666;19.45027777;0.43305555;0.00000000
15;19-INTEGREX_J200;2024-12-25 00:00:00.000;19.58416666;4.41583333;0.00000000;0.00000000
15;19-INTEGREX_J200;2024-12-24 00:00:00.000;20.88138888;3.11861111;0.00000000;0.00000000
15;19-INTEGREX_J200;2024-12-23 00:00:00.000;10.05888888;13.92694444;0.01416666;0.00000000
15;19-INTEGREX_J200;2024-12-22 00:00:00.000;2.48500000;21.44916666;0.06583333;0.00000000
15;19-INTEGREX_J200;2024-12-21 00:00:00.000;10.09277777;13.90555555;0.00166666;0.00000000
15;19-INTEGREX_J200;2024-12-20 00:00:00.000;15.28166666;6.88277777;1.72722222;0.10833333
15;19-INTEGREX_J200;2024-12-19 00:00:00.000;16.95666666;7.01083333;0.00888888;0.02361111
15;19-INTEGREX_J200;2024-12-18 00:00:00.000;9.15305555;14.82194444;0.02500000;0.00000000
15;19-INTEGREX_J200;2024-12-17 00:00:00.000;9.66750000;6.40416666;7.92833333;0.00000000
15;19-INTEGREX_J200;2024-12-16 00:00:00.000;3.11305555;15.87750000;5.00944444;0.00000000
15;19-INTEGREX_J200;2024-12-15 00:00:00.000;8.86333333;15.13416666;0.00250000;0.00000000
15;19-INTEGREX_J200;2024-12-14 00:00:00.000;19.17944444;4.81555555;0.00500000;0.00000000
15;19-INTEGREX_J200;2024-12-13 00:00:00.000;14.89611111;9.08583333;0.00611111;0.01194444
15;19-INTEGREX_J200;2024-12-12 00:00:00.000;12.17000000;11.82861111;0.00138888;0.00000000
15;19-INTEGREX_J200;2024-12-11 00:00:00.000;13.59944444;10.33166666;0.06888888;0.00000000
15;19-INTEGREX_J200;2024-12-10 00:00:00.000;13.32833333;10.60500000;0.06666666;0.00000000
15;19-INTEGREX_J200;2024-12-09 00:00:00.000;14.63805555;9.36000000;0.00194444;0.00000000
15;19-INTEGREX_J200;2024-12-08 00:00:00.000;18.96472222;5.03527777;0.00000000;0.00000000
15;19-INTEGREX_J200;2024-12-07 00:00:00.000;20.80361111;2.94027777;0.00000000;0.25611111
15;19-INTEGREX_J200;2024-12-06 00:00:00.000;20.58444444;3.41194444;0.00361111;0.00000000
15;19-INTEGREX_J200;2024-12-05 00:00:00.000;19.20250000;3.58500000;1.21250000;0.00000000
15;19-INTEGREX_J200;2024-12-04 00:00:00.000;11.36416666;12.60638888;0.02944444;0.00000000
15;19-INTEGREX_J200;2024-12-03 00:00:00.000;15.93527777;8.06444444;0.00027777;0.00000000
15;19-INTEGREX_J200;2024-12-02 00:00:00.000;20.49666666;3.49083333;0.01250000;0.00000000
15;19-INTEGREX_J200;2024-12-01 00:00:00.000;17.66388888;6.32027777;0.01583333;0.00000000
15;19-INTEGREX_J200;2024-11-30 00:00:00.000;16.35611111;7.64388888;0.00000000;0.00000000
15;19-INTEGREX_J200;2024-11-29 00:00:00.000;12.14472222;11.73555555;0.11972222;0.00000000
15;19-INTEGREX_J200;2024-11-28 00:00:00.000;18.70861111;5.29138888;0.00000000;0.00000000
15;19-INTEGREX_J200;2024-11-27 00:00:00.000;14.18916666;7.31888888;2.49194444;0.00000000
15;19-INTEGREX_J200;2024-11-26 00:00:00.000;17.37972222;6.61000000;0.01027777;0.00000000
15;19-INTEGREX_J200;2024-11-25 00:00:00.000;9.54583333;4.51027777;0.00027777;9.94361111
15;19-INTEGREX_J200;2024-11-24 00:00:00.000;0.00000000;0.00000000;0.00000000;24.00000000
15;19-INTEGREX_J200;2024-11-23 00:00:00.000;7.47138888;0.42527777;0.00166666;16.10166666
15;19-INTEGREX_J200;2024-11-22 00:00:00.000;13.03611111;10.84277777;0.01166666;0.10944444
15;19-INTEGREX_J200;2024-11-21 00:00:00.000;12.07722222;11.91972222;0.00305555;0.00000000
15;19-INTEGREX_J200;2024-11-20 00:00:00.000;11.83972222;12.15250000;0.00777777;0.00000000
15;19-INTEGREX_J200;2024-11-19 00:00:00.000;8.11638888;7.75583333;8.12777777;0.00000000
15;19-INTEGREX_J200;2024-11-18 00:00:00.000;8.96972222;13.60722222;1.42305555;0.00000000
15;19-INTEGREX_J200;2024-11-17 00:00:00.000;12.42333333;11.54166666;0.03500000;0.00000000
15;19-INTEGREX_J200;2024-11-16 00:00:00.000;11.10111111;12.89000000;0.00888888;0.00000000
15;19-INTEGREX_J200;2024-11-15 00:00:00.000;13.03305555;10.95972222;0.00722222;0.00000000
15;19-INTEGREX_J200;2024-11-14 00:00:00.000;16.13500000;7.84444444;0.02055555;0.00000000
15;19-INTEGREX_J200;2024-11-13 00:00:00.000;15.87666666;7.66388888;0.15250000;0.30694444
15;19-INTEGREX_J200;2024-11-12 00:00:00.000;21.41833333;2.56055555;0.02111111;0.00000000
15;19-INTEGREX_J200;2024-11-11 00:00:00.000;8.41166666;7.36305555;8.22527777;0.00000000
15;19-INTEGREX_J200;2024-11-10 00:00:00.000;6.45944444;14.24333333;3.29722222;0.00000000
15;19-INTEGREX_J200;2024-11-09 00:00:00.000;10.74944444;13.24527777;0.00527777;0.00000000
15;19-INTEGREX_J200;2024-11-08 00:00:00.000;14.04861111;9.94194444;0.00944444;0.00000000
15;19-INTEGREX_J200;2024-11-07 00:00:00.000;16.03888888;7.95111111;0.00555555;0.00444444
15;19-INTEGREX_J200;2024-11-06 00:00:00.000;14.27055555;9.56750000;0.02972222;0.13222222
15;19-INTEGREX_J200;2024-11-05 00:00:00.000;11.14388888;12.83166666;0.02444444;0.00000000
15;19-INTEGREX_J200;2024-11-04 00:00:00.000;10.63888888;13.33250000;0.02861111;0.00000000
15;19-INTEGREX_J200;2024-11-03 00:00:00.000;15.72000000;8.27305555;0.00694444;0.00000000
15;19-INTEGREX_J200;2024-11-02 00:00:00.000;10.77777777;13.22222222;0.00000000;0.00000000
15;19-INTEGREX_J200;2024-11-01 00:00:00.000;17.37083333;6.62750000;0.00166666;0.00000000
15;19-INTEGREX_J200;2024-10-31 00:00:00.000;11.27500000;12.72000000;0.00500000;0.00000000
15;19-INTEGREX_J200;2024-10-30 00:00:00.000;9.15333333;14.80777777;0.03888888;0.00000000
15;19-INTEGREX_J200;2024-10-29 00:00:00.000;13.92083333;10.06222222;0.01694444;0.00000000
15;19-INTEGREX_J200;2024-10-28 00:00:00.000;13.48000000;10.44888888;0.07111111;0.00000000
15;19-INTEGREX_J200;2024-10-27 00:00:00.000;12.72138888;11.26972222;0.00888888;0.00000000
15;19-INTEGREX_J200;2024-10-26 00:00:00.000;14.04388888;2.89583333;7.06027777;0.00000000
15;19-INTEGREX_J200;2024-10-25 00:00:00.000;14.84222222;4.88694444;4.27083333;0.00000000
15;19-INTEGREX_J200;2024-10-24 00:00:00.000;9.22805555;14.71722222;0.05472222;0.00000000
15;19-INTEGREX_J200;2024-10-23 00:00:00.000;18.18555555;5.81416666;0.00027777;0.00000000
15;19-INTEGREX_J200;2024-10-22 00:00:00.000;15.29111111;8.70055555;0.00833333;0.00000000
15;19-INTEGREX_J200;2024-10-21 00:00:00.000;11.97722222;11.97833333;0.04444444;0.00000000
15;19-INTEGREX_J200;2024-10-20 00:00:00.000;15.75027777;8.24972222;0.00000000;0.00000000
15;19-INTEGREX_J200;2024-10-19 00:00:00.000;14.10027777;3.78833333;6.11055555;0.00083333
15;19-INTEGREX_J200;2024-10-18 00:00:00.000;5.60000000;13.65055555;4.74944444;0.00000000
15;19-INTEGREX_J200;2024-10-17 00:00:00.000;4.34222222;12.73277777;6.92500000;0.00000000
15;19-INTEGREX_J200;2024-10-16 00:00:00.000;7.49777777;10.52750000;5.97472222;0.00000000
15;19-INTEGREX_J200;2024-10-15 00:00:00.000;9.78277777;14.16916666;0.04805555;0.00000000
15;19-INTEGREX_J200;2024-10-14 00:00:00.000;16.04777777;7.94833333;0.00388888;0.00000000
15;19-INTEGREX_J200;2024-10-13 00:00:00.000;22.94555555;1.05444444;0.00000000;0.00000000
15;19-INTEGREX_J200;2024-10-12 00:00:00.000;13.58583333;3.41416666;7.00000000;0.00000000
15;19-INTEGREX_J200;2024-10-11 00:00:00.000;7.55000000;10.92388888;5.52611111;0.00000000
15;19-INTEGREX_J200;2024-10-10 00:00:00.000;14.55472222;9.35722222;0.07138888;0.01666666
15;19-INTEGREX_J200;2024-10-09 00:00:00.000;11.27861111;5.61111111;7.11027777;0.00000000
15;19-INTEGREX_J200;2024-10-08 00:00:00.000;11.77305555;6.41027777;5.74388888;0.07277777
15;19-INTEGREX_J200;2024-10-07 00:00:00.000;8.60138888;8.77000000;6.62861111;0.00000000
15;19-INTEGREX_J200;2024-10-06 00:00:00.000;0.00000000;0.00000000;24.00000000;0.00000000
15;19-INTEGREX_J200;2024-10-05 00:00:00.000;2.85944444;2.60833333;18.53222222;0.00000000
15;19-INTEGREX_J200;2024-10-04 00:00:00.000;4.23277777;7.88916666;11.87305555;0.00500000
15;19-INTEGREX_J200;2024-10-03 00:00:00.000;0.94027777;16.99500000;6.06472222;0.00000000
15;19-INTEGREX_J200;2024-10-02 00:00:00.000;7.83055555;8.90666666;7.26277777;0.00000000
15;19-INTEGREX_J200;2024-10-01 00:00:00.000;8.06750000;9.90111111;6.02722222;0.00416666
15;19-INTEGREX_J200;2024-09-30 00:00:00.000;17.68027777;6.30888888;0.00722222;0.00361111
15;19-INTEGREX_J200;2024-09-29 00:00:00.000;14.99194444;8.54555555;0.46250000;0.00000000
15;19-INTEGREX_J200;2024-09-28 00:00:00.000;15.05527777;8.86055555;0.08416666;0.00000000
15;19-INTEGREX_J200;2024-09-27 00:00:00.000;8.34666666;8.20416666;7.44916666;0.00000000
15;19-INTEGREX_J200;2024-09-26 00:00:00.000;4.37027777;7.43666666;12.19305555;0.00000000
15;19-INTEGREX_J200;2024-09-25 00:00:00.000;6.11388888;4.82972222;13.05638888;0.00000000
15;19-INTEGREX_J200;2024-09-24 00:00:00.000;8.97805555;1.73027777;13.29166666;0.00000000
15;19-INTEGREX_J200;2024-09-23 00:00:00.000;6.29638888;15.69972222;1.99750000;0.00638888
15;19-INTEGREX_J200;2024-09-22 00:00:00.000;14.36583333;9.63416666;0.00000000;0.00000000
15;19-INTEGREX_J200;2024-09-21 00:00:00.000;13.03166666;1.25416666;9.71388888;0.00027777
15;19-INTEGREX_J200;2024-09-20 00:00:00.000;7.85388888;1.59861111;14.54750000;0.00000000
15;19-INTEGREX_J200;2024-09-19 00:00:00.000;12.69055555;4.15916666;7.15027777;0.00000000
15;19-INTEGREX_J200;2024-09-18 00:00:00.000;10.39222222;10.90166666;2.70611111;0.00000000
15;19-INTEGREX_J200;2024-09-17 00:00:00.000;12.31166666;11.67750000;0.01083333;0.00000000
15;19-INTEGREX_J200;2024-09-16 00:00:00.000;9.49944444;14.36694444;0.13361111;0.00000000
15;19-INTEGREX_J200;2024-09-15 00:00:00.000;22.54166666;1.45833333;0.00000000;0.00000000
15;19-INTEGREX_J200;2024-09-14 00:00:00.000;13.22527777;3.36194444;7.41277777;0.00000000
15;19-INTEGREX_J200;2024-09-13 00:00:00.000;8.81416666;14.02805555;1.15777777;0.00000000
15;19-INTEGREX_J200;2024-09-12 00:00:00.000;14.07666666;9.91444444;0.00888888;0.00000000
15;19-INTEGREX_J200;2024-09-11 00:00:00.000;15.61750000;7.41500000;0.24861111;0.71888888
15;19-INTEGREX_J200;2024-09-10 00:00:00.000;12.25972222;11.73388888;0.00638888;0.00000000
15;19-INTEGREX_J200;2024-09-09 00:00:00.000;17.68611111;6.29777777;0.01611111;0.00000000
15;19-INTEGREX_J200;2024-09-08 00:00:00.000;17.26138888;6.72166666;0.01694444;0.00000000
15;19-INTEGREX_J200;2024-09-07 00:00:00.000;18.47250000;5.48250000;0.04500000;0.00000000
15;19-INTEGREX_J200;2024-09-06 00:00:00.000;12.92888888;11.06277777;0.00833333;0.00000000
15;19-INTEGREX_J200;2024-09-05 00:00:00.000;6.60138888;16.49083333;0.46750000;0.44027777
15;19-INTEGREX_J200;2024-09-04 00:00:00.000;9.99750000;13.99805555;0.00444444;0.00000000
15;19-INTEGREX_J200;2024-09-03 00:00:00.000;17.09861111;6.73916666;0.16222222;0.00000000
15;19-INTEGREX_J200;2024-09-02 00:00:00.000;7.57527777;16.32666666;0.09805555;0.00000000
15;19-INTEGREX_J200;2024-09-01 00:00:00.000;6.26361111;17.66000000;0.07638888;0.00000000
15;19-INTEGREX_J200;2024-08-31 00:00:00.000;6.70361111;17.28888888;0.00750000;0.00000000
15;19-INTEGREX_J200;2024-08-30 00:00:00.000;8.84166666;7.97250000;7.18583333;0.00000000
15;19-INTEGREX_J200;2024-08-29 00:00:00.000;7.83611111;10.72861111;5.43527777;0.00000000
15;19-INTEGREX_J200;2024-08-28 00:00:00.000;10.90222222;13.07333333;0.02444444;0.00000000
15;19-INTEGREX_J200;2024-08-27 00:00:00.000;17.48777777;6.48000000;0.03222222;0.00000000
15;19-INTEGREX_J200;2024-08-26 00:00:00.000;8.51694444;8.12111111;7.36194444;0.00000000
15;19-INTEGREX_J200;2024-08-25 00:00:00.000;0.00000000;0.00000000;24.00000000;0.00000000
15;19-INTEGREX_J200;2024-08-24 00:00:00.000;0.88388888;10.87861111;12.23750000;0.00000000
15;19-INTEGREX_J200;2024-08-23 00:00:00.000;16.61472222;7.36555555;0.01972222;0.00000000
15;19-INTEGREX_J200;2024-08-22 00:00:00.000;6.94666666;16.97750000;0.07583333;0.00000000
15;19-INTEGREX_J200;2024-08-21 00:00:00.000;13.24111111;9.42944444;1.32194444;0.00750000
15;19-INTEGREX_J200;2024-08-20 00:00:00.000;9.94166666;8.63694444;5.40277777;0.01861111
15;19-INTEGREX_J200;2024-08-19 00:00:00.000;8.02777777;15.95888888;0.01333333;0.00000000
15;19-INTEGREX_J200;2024-08-18 00:00:00.000;0.00000000;24.00000000;0.00000000;0.00000000
15;19-INTEGREX_J200;2024-08-17 00:00:00.000;0.00000000;24.00000000;0.00000000;0.00000000
15;19-INTEGREX_J200;2024-08-16 00:00:00.000;0.00000000;24.00000000;0.00000000;0.00000000
15;19-INTEGREX_J200;2024-08-15 00:00:00.000;0.00000000;24.00000000;0.00000000;0.00000000
15;19-INTEGREX_J200;2024-08-14 00:00:00.000;0.00000000;24.00000000;0.00000000;0.00000000
15;19-INTEGREX_J200;2024-08-13 00:00:00.000;0.00000000;24.00000000;0.00000000;0.00000000
15;19-INTEGREX_J200;2024-08-12 00:00:00.000;0.00000000;9.88138888;0.00000000;14.11861111
15;19-INTEGREX_J200;2024-08-11 00:00:00.000;0.74861111;11.88666666;0.17916666;11.18555555
15;19-INTEGREX_J200;2024-08-10 00:00:00.000;16.16250000;7.83750000;0.00000000;0.00000000
15;19-INTEGREX_J200;2024-08-09 00:00:00.000;11.74166666;4.81805555;7.44027777;0.00000000
15;19-INTEGREX_J200;2024-08-08 00:00:00.000;7.02833333;10.24305555;6.72861111;0.00000000
15;19-INTEGREX_J200;2024-08-07 00:00:00.000;7.68333333;16.07333333;0.16361111;0.07972222
15;19-INTEGREX_J200;2024-08-06 00:00:00.000;12.40861111;11.57916666;0.01222222;0.00000000
15;19-INTEGREX_J200;2024-08-05 00:00:00.000;16.05583333;7.94083333;0.00333333;0.00000000
15;19-INTEGREX_J200;2024-08-04 00:00:00.000;18.83416666;5.16583333;0.00000000;0.00000000
15;19-INTEGREX_J200;2024-08-03 00:00:00.000;18.49916666;5.50083333;0.00000000;0.00000000
15;19-INTEGREX_J200;2024-08-02 00:00:00.000;12.66166666;11.33611111;0.00222222;0.00000000
15;19-INTEGREX_J200;2024-08-01 00:00:00.000;14.19500000;9.75222222;0.05277777;0.00000000
15;19-INTEGREX_J200;2024-07-31 00:00:00.000;15.69833333;8.19805555;0.10361111;0.00000000
15;19-INTEGREX_J200;2024-07-30 00:00:00.000;10.64166666;13.02722222;0.33111111;0.00000000
15;19-INTEGREX_J200;2024-07-29 00:00:00.000;14.62722222;9.13222222;0.17083333;0.06972222
15;19-INTEGREX_J200;2024-07-28 00:00:00.000;16.40055555;7.26027777;0.33138888;0.00777777
15;19-INTEGREX_J200;2024-07-27 00:00:00.000;15.30166666;8.69666666;0.00166666;0.00000000
15;19-INTEGREX_J200;2024-07-26 00:00:00.000;7.27527777;16.11444444;0.61027777;0.00000000
15;19-INTEGREX_J200;2024-07-25 00:00:00.000;7.31777777;16.02416666;0.65805555;0.00000000
15;19-INTEGREX_J200;2024-07-24 00:00:00.000;11.73722222;12.25472222;0.00805555;0.00000000
15;19-INTEGREX_J200;2024-07-23 00:00:00.000;13.03527777;10.95555555;0.00916666;0.00000000
15;19-INTEGREX_J200;2024-07-22 00:00:00.000;7.33083333;9.49027777;7.17888888;0.00000000
15;19-INTEGREX_J200;2024-07-21 00:00:00.000;0.00000000;0.00000000;24.00000000;0.00000000
15;19-INTEGREX_J200;2024-07-20 00:00:00.000;5.34888888;1.05555555;17.59555555;0.00000000
15;19-INTEGREX_J200;2024-07-19 00:00:00.000;8.52750000;13.26777777;2.20472222;0.00000000
15;19-INTEGREX_J200;2024-07-18 00:00:00.000;14.23666666;9.08750000;0.67500000;0.00083333
15;19-INTEGREX_J200;2024-07-17 00:00:00.000;19.09638888;4.78611111;0.09138888;0.02611111
15;19-INTEGREX_J200;2024-07-16 00:00:00.000;15.47666666;8.42694444;0.09638888;0.00000000
15;19-INTEGREX_J200;2024-07-15 00:00:00.000;7.32277777;16.63888888;0.03833333;0.00000000
15;19-INTEGREX_J200;2024-07-14 00:00:00.000;8.41305555;7.91250000;7.67444444;0.00000000
15;19-INTEGREX_J200;2024-07-13 00:00:00.000;16.19972222;7.39750000;0.40277777;0.00000000
15;19-INTEGREX_J200;2024-07-12 00:00:00.000;8.02444444;15.87055555;0.10500000;0.00000000
15;19-INTEGREX_J200;2024-07-11 00:00:00.000;11.80083333;10.97638888;1.22277777;0.00000000
15;19-INTEGREX_J200;2024-07-10 00:00:00.000;9.57777777;14.40166666;0.01527777;0.00527777
15;19-INTEGREX_J200;2024-07-09 00:00:00.000;5.00500000;17.24583333;1.74916666;0.00000000
15;19-INTEGREX_J200;2024-07-08 00:00:00.000;6.31444444;17.67333333;0.01222222;0.00000000
15;19-INTEGREX_J200;2024-07-07 00:00:00.000;8.65638888;15.23277777;0.10833333;0.00250000
15;19-INTEGREX_J200;2024-07-06 00:00:00.000;23.07333333;0.92527777;0.00138888;0.00000000
15;19-INTEGREX_J200;2024-07-05 00:00:00.000;8.50277777;14.12527777;1.37194444;0.00000000
15;19-INTEGREX_J200;2024-07-04 00:00:00.000;5.42722222;12.51611111;6.05666666;0.00000000
15;19-INTEGREX_J200;2024-07-03 00:00:00.000;4.77944444;7.10305555;12.11750000;0.00000000
15;19-INTEGREX_J200;2024-07-02 00:00:00.000;1.26388888;9.33194444;13.40388888;0.00027777
15;19-INTEGREX_J200;2024-07-01 00:00:00.000;2.87222222;17.81500000;3.31277777;0.00000000
15;19-INTEGREX_J200;2024-06-30 00:00:00.000;0.00000000;24.00000000;0.00000000;0.00000000
15;19-INTEGREX_J200;2024-06-29 00:00:00.000;12.23000000;11.74194444;0.02805555;0.00000000
15;19-INTEGREX_J200;2024-06-28 00:00:00.000;13.09527777;10.80083333;0.10388888;0.00000000
15;19-INTEGREX_J200;2024-06-27 00:00:00.000;9.65416666;7.27805555;7.06777777;0.00000000
15;19-INTEGREX_J200;2024-06-26 00:00:00.000;2.72361111;8.26805555;13.00666666;0.00166666
15;19-INTEGREX_J200;2024-06-25 00:00:00.000;5.73250000;8.96166666;9.30583333;0.00000000
15;19-INTEGREX_J200;2024-06-24 00:00:00.000;9.12527777;7.76638888;7.10833333;0.00000000
15;19-INTEGREX_J200;2024-06-23 00:00:00.000;0.00000000;0.00000000;24.00000000;0.00000000
15;19-INTEGREX_J200;2024-06-22 00:00:00.000;4.03722222;0.39777777;19.56500000;0.00000000
15;19-INTEGREX_J200;2024-06-21 00:00:00.000;8.85444444;8.10083333;7.04472222;0.00000000
15;19-INTEGREX_J200;2024-06-20 00:00:00.000;2.36666666;8.66194444;12.97138888;0.00000000
15;19-INTEGREX_J200;2024-06-19 00:00:00.000;2.45750000;8.43111111;13.11138888;0.00000000
15;19-INTEGREX_J200;2024-06-18 00:00:00.000;7.62972222;7.34416666;9.02611111;0.00000000
15;19-INTEGREX_J200;2024-06-17 00:00:00.000;6.92027777;11.57527777;5.50444444;0.00000000
15;19-INTEGREX_J200;2024-06-16 00:00:00.000;0.00000000;24.00000000;0.00000000;0.00000000
15;19-INTEGREX_J200;2024-06-15 00:00:00.000;0.61166666;11.18444444;0.01500000;12.18888888
15;19-INTEGREX_J200;2024-06-14 00:00:00.000;9.37666666;7.63333333;6.99000000;0.00000000
15;19-INTEGREX_J200;2024-06-13 00:00:00.000;5.38888888;7.74472222;10.76583333;0.10055555
15;19-INTEGREX_J200;2024-06-12 00:00:00.000;3.79416666;14.72111111;5.48472222;0.00000000
15;19-INTEGREX_J200;2024-06-11 00:00:00.000;8.29638888;8.36111111;7.34250000;0.00000000
15;19-INTEGREX_J200;2024-06-10 00:00:00.000;8.40138888;13.30527777;2.29333333;0.00000000
15;19-INTEGREX_J200;2024-06-09 00:00:00.000;8.26361111;15.63055555;0.10583333;0.00000000
15;19-INTEGREX_J200;2024-06-08 00:00:00.000;21.16083333;2.80972222;0.02944444;0.00000000
15;19-INTEGREX_J200;2024-06-07 00:00:00.000;9.49416666;14.38055555;0.12527777;0.00000000
15;19-INTEGREX_J200;2024-06-06 00:00:00.000;6.50944444;10.13500000;7.35555555;0.00000000
15;19-INTEGREX_J200;2024-06-05 00:00:00.000;6.26694444;15.84722222;1.88583333;0.00000000
15;19-INTEGREX_J200;2024-06-04 00:00:00.000;11.34555555;12.43666666;0.21000000;0.00777777
15;19-INTEGREX_J200;2024-06-03 00:00:00.000;8.18166666;8.84222222;6.97611111;0.00000000
15;19-INTEGREX_J200;2024-06-02 00:00:00.000;5.56583333;12.96972222;5.46444444;0.00000000
15;19-INTEGREX_J200;2024-06-01 00:00:00.000;16.28833333;7.67277777;0.03888888;0.00000000
15;19-INTEGREX_J200;2024-05-31 00:00:00.000;8.79388888;9.22194444;5.71944444;0.26472222
15;19-INTEGREX_J200;2024-05-30 00:00:00.000;11.54000000;7.88222222;4.57777777;0.00000000
15;19-INTEGREX_J200;2024-05-29 00:00:00.000;15.35361111;8.62777777;0.01861111;0.00000000
15;19-INTEGREX_J200;2024-05-28 00:00:00.000;6.54416666;4.13083333;1.76250000;11.56250000
15;19-INTEGREX_J200;2024-05-27 00:00:00.000;0.00000000;0.00000000;0.00000000;24.00000000
15;19-INTEGREX_J200;2024-05-26 00:00:00.000;0.00000000;0.00000000;0.00000000;24.00000000
15;19-INTEGREX_J200;2024-05-25 00:00:00.000;0.00000000;0.00000000;0.00000000;24.00000000
15;19-INTEGREX_J200;2024-05-24 00:00:00.000;0.00000000;8.64888888;8.27527777;7.07583333
15;19-INTEGREX_J200;2024-05-23 00:00:00.000;9.87888888;11.28166666;2.83944444;0.00000000
15;19-INTEGREX_J200;2024-05-22 00:00:00.000;12.61305555;11.24944444;0.13750000;0.00000000
15;19-INTEGREX_J200;2024-05-21 00:00:00.000;12.66750000;11.16638888;0.16611111;0.00000000
15;19-INTEGREX_J200;2024-05-20 00:00:00.000;9.24583333;7.14583333;7.60833333;0.00000000
15;19-INTEGREX_J200;2024-05-19 00:00:00.000;4.76555555;7.99416666;11.24027777;0.00000000
15;19-INTEGREX_J200;2024-05-18 00:00:00.000;16.32027777;7.63583333;0.04388888;0.00000000
15;19-INTEGREX_J200;2024-05-17 00:00:00.000;9.22222222;14.75583333;0.02194444;0.00000000
15;19-INTEGREX_J200;2024-05-16 00:00:00.000;9.71111111;13.51000000;0.69083333;0.08805555
15;19-INTEGREX_J200;2024-05-15 00:00:00.000;6.25472222;9.39361111;8.25750000;0.09416666
15;19-INTEGREX_J200;2024-05-14 00:00:00.000;10.17527777;6.71861111;7.10611111;0.00000000
15;19-INTEGREX_J200;2024-05-13 00:00:00.000;5.32305555;5.03027777;13.64666666;0.00000000
15;19-INTEGREX_J200;2024-05-12 00:00:00.000;0.00000000;2.78333333;21.21666666;0.00000000
15;19-INTEGREX_J200;2024-05-11 00:00:00.000;9.34583333;9.01000000;5.63111111;0.01305555
15;19-INTEGREX_J200;2024-05-10 00:00:00.000;11.45361111;5.42166666;7.12222222;0.00250000
15;19-INTEGREX_J200;2024-05-09 00:00:00.000;11.93666666;6.11000000;5.95333333;0.00000000
15;19-INTEGREX_J200;2024-05-08 00:00:00.000;10.47777777;6.55277777;6.96944444;0.00000000
15;19-INTEGREX_J200;2024-05-07 00:00:00.000;4.81694444;11.46305555;7.72000000;0.00000000
15;19-INTEGREX_J200;2024-05-06 00:00:00.000;5.19027777;11.69222222;7.11750000;0.00000000
15;19-INTEGREX_J200;2024-05-05 00:00:00.000;0.00000000;0.00000000;24.00000000;0.00000000
15;19-INTEGREX_J200;2024-05-04 00:00:00.000;7.38333333;6.11083333;10.10083333;0.40500000
15;19-INTEGREX_J200;2024-05-03 00:00:00.000;9.17833333;14.47611111;0.34555555;0.00000000
15;19-INTEGREX_J200;2024-05-02 00:00:00.000;4.27277777;12.67166666;7.05555555;0.00000000
15;19-INTEGREX_J200;2024-05-01 00:00:00.000;0.00000000;0.00000000;24.00000000;0.00000000
15;19-INTEGREX_J200;2024-04-30 00:00:00.000;0.00000000;0.00000000;24.00000000;0.00000000
15;19-INTEGREX_J200;2024-04-29 00:00:00.000;6.69944444;5.67583333;11.61777777;0.00694444
15;19-INTEGREX_J200;2024-04-28 00:00:00.000;0.00000000;0.00000000;24.00000000;0.00000000
15;19-INTEGREX_J200;2024-04-27 00:00:00.000;2.19833333;9.71777777;12.08388888;0.00000000
15;19-INTEGREX_J200;2024-04-26 00:00:00.000;9.60000000;7.30555555;7.09444444;0.00000000
15;19-INTEGREX_J200;2024-04-25 00:00:00.000;12.68750000;0.71555555;10.59694444;0.00000000
15;19-INTEGREX_J200;2024-04-24 00:00:00.000;18.96055555;5.01083333;0.02861111;0.00000000
15;19-INTEGREX_J200;2024-04-23 00:00:00.000;7.19527777;16.60250000;0.20222222;0.00000000
15;19-INTEGREX_J200;2024-04-22 00:00:00.000;6.30277777;10.03527777;7.66166666;0.00027777
15;19-INTEGREX_J200;2024-04-21 00:00:00.000;9.82055555;8.74333333;5.43611111;0.00000000
15;19-INTEGREX_J200;2024-04-20 00:00:00.000;16.02805555;7.60000000;0.08861111;0.28333333
15;19-INTEGREX_J200;2024-04-19 00:00:00.000;11.42444444;12.55250000;0.02305555;0.00000000
15;19-INTEGREX_J200;2024-04-18 00:00:00.000;6.37027777;5.65666666;5.42888888;6.54416666
15;19-INTEGREX_J200;2024-04-17 00:00:00.000;14.23777777;2.64277777;7.11472222;0.00472222
15;19-INTEGREX_J200;2024-04-16 00:00:00.000;6.98388888;15.94250000;1.07361111;0.00000000
15;19-INTEGREX_J200;2024-04-15 00:00:00.000;10.79000000;6.16000000;0.04694444;7.00305555
15;19-INTEGREX_J200;2024-04-14 00:00:00.000;0.00000000;0.00000000;0.00000000;24.00000000
15;19-INTEGREX_J200;2024-04-13 00:00:00.000;2.31444444;6.57611111;0.00000000;15.10944444
15;19-INTEGREX_J200;2024-04-12 00:00:00.000;13.02722222;10.89361111;0.07916666;0.00000000
15;19-INTEGREX_J200;2024-04-11 00:00:00.000;10.79888888;9.74444444;3.45333333;0.00333333
15;19-INTEGREX_J200;2024-04-10 00:00:00.000;17.17722222;6.76666666;0.05611111;0.00000000
15;19-INTEGREX_J200;2024-04-09 00:00:00.000;11.79805555;6.66111111;5.22166666;0.31916666
15;19-INTEGREX_J200;2024-04-08 00:00:00.000;5.71861111;10.80416666;7.47722222;0.00000000
15;19-INTEGREX_J200;2024-04-07 00:00:00.000;3.57444444;18.29361111;2.13194444;0.00000000
15;19-INTEGREX_J200;2024-04-06 00:00:00.000;13.37055555;4.82861111;5.80083333;0.00000000
15;19-INTEGREX_J200;2024-04-05 00:00:00.000;10.42944444;6.50666666;7.06388888;0.00000000
15;19-INTEGREX_J200;2024-04-04 00:00:00.000;5.88000000;5.03861111;13.08138888;0.00000000
15;19-INTEGREX_J200;2024-04-03 00:00:00.000;5.59138888;5.26361111;13.14500000;0.00000000
15;19-INTEGREX_J200;2024-04-02 00:00:00.000;5.53361111;5.53027777;12.93611111;0.00000000
15;19-INTEGREX_J200;2024-04-01 00:00:00.000;0.00000000;0.00000000;24.00000000;0.00000000
15;19-INTEGREX_J200;2024-03-31 00:00:00.000;0.00000000;0.00000000;24.00000000;0.00000000
15;19-INTEGREX_J200;2024-03-30 00:00:00.000;4.59388888;1.02638888;18.37972222;0.00000000
15;19-INTEGREX_J200;2024-03-29 00:00:00.000;16.05333333;7.91888888;0.02777777;0.00000000
15;19-INTEGREX_J200;2024-03-28 00:00:00.000;7.47527777;16.50611111;0.01861111;0.00000000
15;19-INTEGREX_J200;2024-03-27 00:00:00.000;8.85361111;7.89138888;7.23555555;0.01944444
15;19-INTEGREX_J200;2024-03-26 00:00:00.000;10.32722222;2.54250000;11.13027777;0.00000000
15;19-INTEGREX_J200;2024-03-25 00:00:00.000;10.44138888;2.72666666;10.83194444;0.00000000
15;19-INTEGREX_J200;2024-03-24 00:00:00.000;6.23666666;10.05055555;7.71277777;0.00000000
15;19-INTEGREX_J200;2024-03-23 00:00:00.000;10.70972222;13.24833333;0.04194444;0.00000000
15;19-INTEGREX_J200;2024-03-22 00:00:00.000;5.35833333;2.90638888;0.00611111;15.72916666
15;19-INTEGREX_J200;2024-03-21 00:00:00.000;3.81555555;14.17472222;1.05583333;4.95388888
15;19-INTEGREX_J200;2024-03-20 00:00:00.000;16.67833333;5.95944444;0.03111111;1.33111111
15;19-INTEGREX_J200;2024-03-19 00:00:00.000;18.69555555;5.30083333;0.00361111;0.00000000
15;19-INTEGREX_J200;2024-03-18 00:00:00.000;16.77166666;7.21305555;0.01444444;0.00083333
15;19-INTEGREX_J200;2024-03-17 00:00:00.000;13.64388888;10.34750000;0.00861111;0.00000000
15;19-INTEGREX_J200;2024-03-16 00:00:00.000;12.59527777;11.35916666;0.04555555;0.00000000
15;19-INTEGREX_J200;2024-03-15 00:00:00.000;5.91083333;10.83972222;7.14805555;0.10138888
15;19-INTEGREX_J200;2024-03-14 00:00:00.000;7.86583333;13.25750000;2.87666666;0.00000000
15;19-INTEGREX_J200;2024-03-13 00:00:00.000;8.91611111;15.08305555;0.00083333;0.00000000
15;19-INTEGREX_J200;2024-03-12 00:00:00.000;4.66138888;2.07222222;0.09527777;17.17111111
15;19-INTEGREX_J200;2024-03-11 00:00:00.000;0.03222222;9.46361111;2.53194444;11.97222222
15;19-INTEGREX_J200;2024-03-10 00:00:00.000;1.94750000;22.04111111;0.00055555;0.01083333
15;19-INTEGREX_J200;2024-03-09 00:00:00.000;10.67555555;5.11861111;8.20583333;0.00000000
15;19-INTEGREX_J200;2024-03-08 00:00:00.000;5.30833333;13.69583333;4.99583333;0.00000000
15;19-INTEGREX_J200;2024-03-07 00:00:00.000;4.91194444;18.97833333;0.03222222;0.07750000
15;19-INTEGREX_J200;2024-03-06 00:00:00.000;21.23722222;2.64583333;0.11694444;0.00000000
15;19-INTEGREX_J200;2024-03-05 00:00:00.000;9.10250000;14.87583333;0.02166666;0.00000000
15;19-INTEGREX_J200;2024-03-04 00:00:00.000;8.68500000;6.55000000;8.76500000;0.00000000
15;19-INTEGREX_J200;2024-03-03 00:00:00.000;8.75305555;10.30222222;4.94472222;0.00000000
15;19-INTEGREX_J200;2024-03-02 00:00:00.000;10.74972222;5.19972222;8.05055555;0.00000000
15;19-INTEGREX_J200;2024-03-01 00:00:00.000;15.50111111;7.43416666;1.06472222;0.00000000
15;19-INTEGREX_J200;2024-02-29 00:00:00.000;12.46361111;11.47388888;0.06250000;0.00000000
15;19-INTEGREX_J200;2024-02-28 00:00:00.000;11.40333333;12.59305555;0.00361111;0.00000000
15;19-INTEGREX_J200;2024-02-27 00:00:00.000;11.02222222;12.97416666;0.00361111;0.00000000
15;19-INTEGREX_J200;2024-02-26 00:00:00.000;10.10750000;5.26805555;8.62444444;0.00000000
15;19-INTEGREX_J200;2024-02-25 00:00:00.000;12.50333333;10.10444444;1.39222222;0.00000000
15;19-INTEGREX_J200;2024-02-24 00:00:00.000;9.66055555;14.25916666;0.08027777;0.00000000
15;19-INTEGREX_J200;2024-02-23 00:00:00.000;19.78388888;4.21000000;0.00611111;0.00000000
15;19-INTEGREX_J200;2024-02-22 00:00:00.000;18.91222222;5.08750000;0.00027777;0.00000000
15;19-INTEGREX_J200;2024-02-21 00:00:00.000;16.14944444;7.84833333;0.00222222;0.00000000
15;19-INTEGREX_J200;2024-02-20 00:00:00.000;12.93888888;10.95444444;0.10666666;0.00000000
15;19-INTEGREX_J200;2024-02-19 00:00:00.000;8.99305555;12.32388888;2.68305555;0.00000000
15;19-INTEGREX_J200;2024-02-18 00:00:00.000;9.14722222;12.37861111;2.47416666;0.00000000
15;19-INTEGREX_J200;2024-02-17 00:00:00.000;10.94000000;13.05000000;0.01000000;0.00000000
15;19-INTEGREX_J200;2024-02-16 00:00:00.000;15.34083333;8.64083333;0.01833333;0.00000000
15;19-INTEGREX_J200;2024-02-15 00:00:00.000;12.62750000;11.16138888;0.10861111;0.10250000
15;19-INTEGREX_J200;2024-02-14 00:00:00.000;9.44194444;7.01944444;7.53861111;0.00000000
15;19-INTEGREX_J200;2024-02-13 00:00:00.000;9.79083333;13.18500000;1.02416666;0.00000000
15;19-INTEGREX_J200;2024-02-12 00:00:00.000;8.01888888;15.96416666;0.01694444;0.00000000
15;19-INTEGREX_J200;2024-02-11 00:00:00.000;8.25083333;15.74416666;0.00500000;0.00000000
15;19-INTEGREX_J200;2024-02-10 00:00:00.000;11.42388888;12.50305555;0.07305555;0.00000000
15;19-INTEGREX_J200;2024-02-09 00:00:00.000;14.81166666;4.44500000;4.65638888;0.08694444
15;19-INTEGREX_J200;2024-02-08 00:00:00.000;10.43055555;5.04027777;8.52916666;0.00000000
15;19-INTEGREX_J200;2024-02-07 00:00:00.000;6.84388888;7.39944444;9.72722222;0.02944444
15;19-INTEGREX_J200;2024-02-06 00:00:00.000;9.16333333;6.35250000;8.48416666;0.00000000
15;19-INTEGREX_J200;2024-02-05 00:00:00.000;9.57055555;14.41638888;0.01305555;0.00000000
15;19-INTEGREX_J200;2024-02-04 00:00:00.000;9.43888888;14.55361111;0.00750000;0.00000000
15;19-INTEGREX_J200;2024-02-03 00:00:00.000;18.46805555;5.51888888;0.01305555;0.00000000
15;19-INTEGREX_J200;2024-02-02 00:00:00.000;12.56277777;11.14500000;0.29222222;0.00000000
15;19-INTEGREX_J200;2024-02-01 00:00:00.000;15.56777777;8.43222222;0.00000000;0.00000000
15;19-INTEGREX_J200;2024-01-31 00:00:00.000;14.67222222;9.31861111;0.00888888;0.00027777
15;19-INTEGREX_J200;2024-01-30 00:00:00.000;13.33250000;5.24000000;5.42722222;0.00027777
15;19-INTEGREX_J200;2024-01-29 00:00:00.000;9.05083333;14.94083333;0.00833333;0.00000000
15;19-INTEGREX_J200;2024-01-28 00:00:00.000;11.14027777;12.38222222;0.47750000;0.00000000
15;19-INTEGREX_J200;2024-01-27 00:00:00.000;16.01722222;7.86000000;0.12277777;0.00000000
15;19-INTEGREX_J200;2024-01-26 00:00:00.000;9.24722222;14.54666666;0.20444444;0.00166666
15;19-INTEGREX_J200;2024-01-25 00:00:00.000;9.84222222;14.07888888;0.00805555;0.07083333
15;19-INTEGREX_J200;2024-01-24 00:00:00.000;9.19583333;14.80083333;0.00333333;0.00000000
15;19-INTEGREX_J200;2024-01-23 00:00:00.000;8.20111111;7.52027777;8.27861111;0.00000000
15;19-INTEGREX_J200;2024-01-22 00:00:00.000;12.11166666;11.88694444;0.00138888;0.00000000
15;19-INTEGREX_J200;2024-01-21 00:00:00.000;15.19388888;8.79861111;0.00750000;0.00000000
15;19-INTEGREX_J200;2024-01-20 00:00:00.000;17.66222222;6.33666666;0.00027777;0.00083333
15;19-INTEGREX_J200;2024-01-19 00:00:00.000;6.56861111;17.42944444;0.00194444;0.00000000
15;19-INTEGREX_J200;2024-01-18 00:00:00.000;5.77805555;18.16277777;0.00000000;0.05916666
15;19-INTEGREX_J200;2024-01-17 00:00:00.000;1.45527777;14.48305555;8.06166666;0.00000000
15;19-INTEGREX_J200;2024-01-16 00:00:00.000;5.04750000;15.02361111;3.92888888;0.00000000
15;19-INTEGREX_J200;2024-01-15 00:00:00.000;9.99666666;10.90305555;3.10027777;0.00000000
15;19-INTEGREX_J200;2024-01-14 00:00:00.000;7.86166666;16.13833333;0.00000000;0.00000000
15;19-INTEGREX_J200;2024-01-13 00:00:00.000;7.39138888;16.60750000;0.00111111;0.00000000
15;19-INTEGREX_J200;2024-01-12 00:00:00.000;14.26944444;9.73027777;0.00027777;0.00000000
15;19-INTEGREX_J200;2024-01-11 00:00:00.000;8.83944444;15.03500000;0.01750000;0.10805555
15;19-INTEGREX_J200;2024-01-10 00:00:00.000;14.86000000;9.13944444;0.00055555;0.00000000
15;19-INTEGREX_J200;2024-01-09 00:00:00.000;14.16666666;9.83000000;0.00333333;0.00000000
15;19-INTEGREX_J200;2024-01-08 00:00:00.000;8.97750000;14.99805555;0.02444444;0.00000000
15;19-INTEGREX_J200;2024-01-07 00:00:00.000;0.00000000;24.00000000;0.00000000;0.00000000
15;19-INTEGREX_J200;2024-01-06 00:00:00.000;1.86472222;21.93694444;0.18722222;0.01111111
15;19-INTEGREX_J200;2024-01-05 00:00:00.000;19.94722222;3.95361111;0.08583333;0.01333333
15;19-INTEGREX_J200;2024-01-04 00:00:00.000;11.31527777;12.41194444;0.08055555;0.19222222
15;19-INTEGREX_J200;2024-01-03 00:00:00.000;11.72805555;11.46333333;0.80861111;0.00000000
15;19-INTEGREX_J200;2024-01-02 00:00:00.000;11.94527777;12.04111111;0.00027777;0.01333333
15;19-INTEGREX_J200;2024-01-01 00:00:00.000;0.00000000;24.00000000;0.00000000;0.00000000
15;19-INTEGREX_J200;2023-12-31 00:00:00.000;0.00000000;24.00000000;0.00000000;0.00000000
15;19-INTEGREX_J200;2023-12-30 00:00:00.000;2.32222222;21.67777777;0.00000000;0.00000000
15;19-INTEGREX_J200;2023-12-29 00:00:00.000;9.39611111;14.60111111;0.00277777;0.00000000
15;19-INTEGREX_J200;2023-12-28 00:00:00.000;11.64611111;12.31666666;0.03722222;0.00000000
15;19-INTEGREX_J200;2023-12-27 00:00:00.000;9.74694444;14.22083333;0.03222222;0.00000000
15;19-INTEGREX_J200;2023-12-26 00:00:00.000;3.75527777;20.22666666;0.01805555;0.00000000
15;19-INTEGREX_J200;2023-12-25 00:00:00.000;1.10722222;22.88111111;0.00000000;0.01166666
15;19-INTEGREX_J200;2023-12-24 00:00:00.000;12.15861111;11.84027777;0.00111111;0.00000000
15;19-INTEGREX_J200;2023-12-23 00:00:00.000;12.55861111;11.44138888;0.00000000;0.00000000
15;19-INTEGREX_J200;2023-12-22 00:00:00.000;9.13611111;14.80194444;0.06194444;0.00000000
15;19-INTEGREX_J200;2023-12-21 00:00:00.000;9.28000000;6.36250000;8.35750000;0.00000000
15;19-INTEGREX_J200;2023-12-20 00:00:00.000;9.06111111;6.21416666;8.72472222;0.00000000
15;19-INTEGREX_J200;2023-12-19 00:00:00.000;10.06972222;3.83472222;10.09444444;0.00111111
15;19-INTEGREX_J200;2023-12-18 00:00:00.000;8.53361111;4.41611111;11.05027777;0.00000000
15;19-INTEGREX_J200;2023-12-17 00:00:00.000;12.56416666;7.35444444;4.08138888;0.00000000
15;19-INTEGREX_J200;2023-12-16 00:00:00.000;13.16027777;3.63000000;7.20972222;0.00000000
15;19-INTEGREX_J200;2023-12-15 00:00:00.000;17.73750000;5.99638888;0.04972222;0.21638888
15;19-INTEGREX_J200;2023-12-14 00:00:00.000;12.98805555;10.89666666;0.11527777;0.00000000
15;19-INTEGREX_J200;2023-12-13 00:00:00.000;14.49666666;7.55055555;1.94916666;0.00361111
15;19-INTEGREX_J200;2023-12-12 00:00:00.000;17.02611111;6.90444444;0.06944444;0.00000000
15;19-INTEGREX_J200;2023-12-11 00:00:00.000;10.31611111;5.67583333;8.00805555;0.00000000
15;19-INTEGREX_J200;2023-12-10 00:00:00.000;0.55694444;4.70833333;18.73472222;0.00000000
15;19-INTEGREX_J200;2023-12-09 00:00:00.000;5.98888888;17.99777777;0.01333333;0.00000000
15;19-INTEGREX_J200;2023-12-08 00:00:00.000;8.80472222;15.19527777;0.00000000;0.00000000
15;19-INTEGREX_J200;2023-12-07 00:00:00.000;11.50972222;12.41111111;0.07916666;0.00000000
15;19-INTEGREX_J200;2023-12-06 00:00:00.000;10.36444444;5.98250000;7.65305555;0.00000000
15;19-INTEGREX_J200;2023-12-05 00:00:00.000;7.01611111;8.84583333;8.13805555;0.00000000
15;19-INTEGREX_J200;2023-12-04 00:00:00.000;9.32527777;3.66638888;11.00833333;0.00000000
15;19-INTEGREX_J200;2023-12-03 00:00:00.000;8.55638888;11.83722222;3.60638888;0.00000000
15;19-INTEGREX_J200;2023-12-02 00:00:00.000;8.42055555;15.57666666;0.00277777;0.00000000
15;19-INTEGREX_J200;2023-12-01 00:00:00.000;10.41472222;9.72750000;3.85777777;0.00000000
15;19-INTEGREX_J200;2023-11-30 00:00:00.000;17.47638888;6.52305555;0.00055555;0.00000000
15;19-INTEGREX_J200;2023-11-29 00:00:00.000;5.93083333;10.15111111;7.91805555;0.00000000
15;19-INTEGREX_J200;2023-11-28 00:00:00.000;11.72083333;2.99000000;9.28916666;0.00000000
15;19-INTEGREX_J200;2023-11-27 00:00:00.000;12.47472222;3.35611111;8.16777777;0.00138888
15;19-INTEGREX_J200;2023-11-26 00:00:00.000;0.00000000;0.00000000;24.00000000;0.00000000
15;19-INTEGREX_J200;2023-11-25 00:00:00.000;6.17583333;15.36194444;2.46222222;0.00000000
15;19-INTEGREX_J200;2023-11-24 00:00:00.000;13.72111111;10.23027777;0.04861111;0.00000000
15;19-INTEGREX_J200;2023-11-23 00:00:00.000;9.93638888;6.05138888;8.01222222;0.00000000
15;19-INTEGREX_J200;2023-11-22 00:00:00.000;7.56111111;5.00027777;11.43861111;0.00000000
15;19-INTEGREX_J200;2023-11-21 00:00:00.000;15.60666666;7.56305555;0.83027777;0.00000000
15;19-INTEGREX_J200;2023-11-20 00:00:00.000;12.78000000;11.21416666;0.00583333;0.00000000
15;19-INTEGREX_J200;2023-11-19 00:00:00.000;3.48305555;20.51694444;0.00000000;0.00000000
15;19-INTEGREX_J200;2023-11-18 00:00:00.000;17.18083333;6.79722222;0.02194444;0.00000000
15;19-INTEGREX_J200;2023-11-17 00:00:00.000;12.86222222;3.25638888;7.88138888;0.00000000
15;19-INTEGREX_J200;2023-11-16 00:00:00.000;15.28555555;6.58666666;2.12777777;0.00000000
15;19-INTEGREX_J200;2023-11-15 00:00:00.000;14.16638888;9.69555555;0.05000000;0.08805555
15;19-INTEGREX_J200;2023-11-14 00:00:00.000;17.17361111;6.77444444;0.01166666;0.04027777
15;19-INTEGREX_J200;2023-11-13 00:00:00.000;7.11111111;8.73638888;8.12250000;0.03000000
15;19-INTEGREX_J200;2023-11-12 00:00:00.000;0.00000000;0.75111111;23.24888888;0.00000000
15;19-INTEGREX_J200;2023-11-11 00:00:00.000;10.98111111;13.01222222;0.00666666;0.00000000
15;19-INTEGREX_J200;2023-11-10 00:00:00.000;6.22500000;7.35250000;10.42250000;0.00000000
15;19-INTEGREX_J200;2023-11-09 00:00:00.000;12.55250000;6.20305555;2.43333333;2.81111111
15;19-INTEGREX_J200;2023-11-08 00:00:00.000;6.83944444;16.96055555;0.00111111;0.19888888
15;19-INTEGREX_J200;2023-11-07 00:00:00.000;17.47388888;6.50722222;0.01888888;0.00000000
15;19-INTEGREX_J200;2023-11-06 00:00:00.000;14.68055555;9.31638888;0.00305555;0.00000000
15;19-INTEGREX_J200;2023-11-05 00:00:00.000;15.98972222;8.00861111;0.00166666;0.00000000
15;19-INTEGREX_J200;2023-11-04 00:00:00.000;21.63500000;2.35222222;0.01277777;0.00000000
15;19-INTEGREX_J200;2023-11-03 00:00:00.000;9.83472222;14.16277777;0.00250000;0.00000000
15;19-INTEGREX_J200;2023-11-02 00:00:00.000;7.28388888;16.63277777;0.08333333;0.00000000
15;19-INTEGREX_J200;2023-11-01 00:00:00.000;5.07805555;18.92194444;0.00000000;0.00000000
15;19-INTEGREX_J200;2023-10-31 00:00:00.000;16.00861111;7.99000000;0.00138888;0.00000000
15;19-INTEGREX_J200;2023-10-30 00:00:00.000;8.19083333;15.69833333;0.00666666;0.10416666
15;19-INTEGREX_J200;2023-10-29 00:00:00.000;7.66527777;16.33472222;0.00000000;0.00000000
15;19-INTEGREX_J200;2023-10-28 00:00:00.000;17.65277777;6.34027777;0.00694444;0.00000000
15;19-INTEGREX_J200;2023-10-27 00:00:00.000;9.05611111;7.89333333;7.05027777;0.00027777
15;19-INTEGREX_J200;2023-10-26 00:00:00.000;6.51861111;7.22916666;10.25222222;0.00000000
15;19-INTEGREX_J200;2023-10-25 00:00:00.000;8.61833333;11.52555555;3.85611111;0.00000000
15;19-INTEGREX_J200;2023-10-24 00:00:00.000;19.35000000;4.40916666;0.09972222;0.14111111
15;19-INTEGREX_J200;2023-10-23 00:00:00.000;12.74083333;11.25305555;0.00555555;0.00055555
15;19-INTEGREX_J200;2023-10-22 00:00:00.000;9.61083333;14.36638888;0.02277777;0.00000000
15;19-INTEGREX_J200;2023-10-21 00:00:00.000;10.17777777;13.70388888;0.11833333;0.00000000
15;19-INTEGREX_J200;2023-10-20 00:00:00.000;8.90138888;15.05722222;0.02166666;0.01972222
15;19-INTEGREX_J200;2023-10-19 00:00:00.000;12.02166666;11.97611111;0.00222222;0.00000000
15;19-INTEGREX_J200;2023-10-18 00:00:00.000;10.79944444;13.16388888;0.03666666;0.00000000
15;19-INTEGREX_J200;2023-10-17 00:00:00.000;8.82194444;9.00972222;6.16833333;0.00000000
15;19-INTEGREX_J200;2023-10-16 00:00:00.000;8.45750000;15.06333333;0.00027777;0.47888888
15;19-INTEGREX_J200;2023-10-15 00:00:00.000;8.32361111;15.67638888;0.00000000;0.00000000
15;19-INTEGREX_J200;2023-10-14 00:00:00.000;4.50277777;14.71722222;0.04555555;4.73444444
15;19-INTEGREX_J200;2023-10-13 00:00:00.000;16.37416666;7.62583333;0.00000000;0.00000000
15;19-INTEGREX_J200;2023-10-12 00:00:00.000;14.20083333;9.79472222;0.00444444;0.00000000
15;19-INTEGREX_J200;2023-10-11 00:00:00.000;17.10694444;6.88222222;0.00805555;0.00277777
15;19-INTEGREX_J200;2023-10-10 00:00:00.000;14.64722222;9.31527777;0.03750000;0.00000000
15;19-INTEGREX_J200;2023-10-09 00:00:00.000;11.79277777;12.20638888;0.00083333;0.00000000
15;19-INTEGREX_J200;2023-10-08 00:00:00.000;9.87861111;14.12138888;0.00000000;0.00000000
15;19-INTEGREX_J200;2023-10-07 00:00:00.000;15.66250000;8.33750000;0.00000000;0.00000000
15;19-INTEGREX_J200;2023-10-06 00:00:00.000;16.81194444;7.18500000;0.00305555;0.00000000
15;19-INTEGREX_J200;2023-10-05 00:00:00.000;11.10666666;12.80861111;0.08472222;0.00000000
15;19-INTEGREX_J200;2023-10-04 00:00:00.000;11.54250000;7.90750000;4.49305555;0.05694444
15;19-INTEGREX_J200;2023-10-03 00:00:00.000;10.35888888;13.62138888;0.01805555;0.00166666
15;19-INTEGREX_J200;2023-10-02 00:00:00.000;6.44944444;17.53416666;0.01638888;0.00000000
15;19-INTEGREX_J200;2023-10-01 00:00:00.000;0.00000000;23.98916666;0.00000000;0.01083333
15;19-INTEGREX_J200;2023-09-30 00:00:00.000;14.25111111;9.74888888;0.00000000;0.00000000
15;19-INTEGREX_J200;2023-09-29 00:00:00.000;13.26972222;8.14444444;2.58250000;0.00333333
15;19-INTEGREX_J200;2023-09-28 00:00:00.000;8.41638888;15.57527777;0.00833333;0.00000000
15;19-INTEGREX_J200;2023-09-27 00:00:00.000;0.00000000;24.00000000;0.00000000;0.00000000
15;19-INTEGREX_J200;2023-09-26 00:00:00.000;6.39777777;17.58555555;0.01666666;0.00000000
15;19-INTEGREX_J200;2023-09-25 00:00:00.000;5.74638888;10.77194444;7.47388888;0.00777777
15;19-INTEGREX_J200;2023-09-24 00:00:00.000;0.00000000;0.00000000;24.00000000;0.00000000
15;19-INTEGREX_J200;2023-09-23 00:00:00.000;0.00000000;1.95805555;22.04194444;0.00000000
15;19-INTEGREX_J200;2023-09-22 00:00:00.000;2.45777777;9.77611111;11.76555555;0.00055555
15;19-INTEGREX_J200;2023-09-21 00:00:00.000;0.07638888;7.99555555;15.92805555;0.00000000
15;19-INTEGREX_J200;2023-09-20 00:00:00.000;5.11000000;13.18194444;5.70805555;0.00000000
15;19-INTEGREX_J200;2023-09-19 00:00:00.000;1.47138888;17.38805555;5.05638888;0.08416666
15;19-INTEGREX_J200;2023-09-18 00:00:00.000;6.53083333;10.29000000;7.10944444;0.06972222
15;19-INTEGREX_J200;2023-09-17 00:00:00.000;3.48000000;14.05000000;6.47000000;0.00000000
15;19-INTEGREX_J200;2023-09-16 00:00:00.000;13.61416666;10.37666666;0.00916666;0.00000000
15;19-INTEGREX_J200;2023-09-15 00:00:00.000;9.15277777;7.82277777;7.01500000;0.00944444
15;19-INTEGREX_J200;2023-09-14 00:00:00.000;6.90916666;7.98916666;9.10166666;0.00000000
15;19-INTEGREX_J200;2023-09-13 00:00:00.000;6.69388888;6.21833333;11.08277777;0.00500000
15;19-INTEGREX_J200;2023-09-12 00:00:00.000;2.25166666;8.45000000;13.17611111;0.12222222
15;19-INTEGREX_J200;2023-09-11 00:00:00.000;5.38888888;8.36916666;10.24194444;0.00000000
15;19-INTEGREX_J200;2023-09-10 00:00:00.000;1.23333333;12.30138888;10.46527777;0.00000000
15;19-INTEGREX_J200;2023-09-09 00:00:00.000;9.37194444;7.66611111;6.96194444;0.00000000
15;19-INTEGREX_J200;2023-09-08 00:00:00.000;10.47916666;7.82833333;5.69250000;0.00000000
15;19-INTEGREX_J200;2023-09-07 00:00:00.000;7.68277777;9.15583333;7.16138888;0.00000000
15;19-INTEGREX_J200;2023-09-06 00:00:00.000;5.21888888;5.53583333;13.24527777;0.00000000
15;19-INTEGREX_J200;2023-09-05 00:00:00.000;10.89805555;11.64972222;1.45222222;0.00000000
15;19-INTEGREX_J200;2023-09-04 00:00:00.000;3.85194444;13.17361111;6.97444444;0.00000000
15;19-INTEGREX_J200;2023-09-03 00:00:00.000;4.56305555;11.26527777;8.17166666;0.00000000
15;19-INTEGREX_J200;2023-09-02 00:00:00.000;1.37722222;15.54027777;7.08250000;0.00000000
15;19-INTEGREX_J200;2023-09-01 00:00:00.000;7.30805555;12.30833333;4.25250000;0.13111111
15;19-INTEGREX_J200;2023-08-31 00:00:00.000;7.36722222;10.13361111;6.48666666;0.01250000
15;19-INTEGREX_J200;2023-08-30 00:00:00.000;7.05027777;9.36972222;7.58000000;0.00000000
15;19-INTEGREX_J200;2023-08-29 00:00:00.000;10.25194444;10.61888888;3.12916666;0.00000000
15;19-INTEGREX_J200;2023-08-28 00:00:00.000;7.06555555;8.85805555;7.65750000;0.41888888
15;19-INTEGREX_J200;2023-08-27 00:00:00.000;0.00000000;0.00000000;24.00000000;0.00000000
15;19-INTEGREX_J200;2023-08-26 00:00:00.000;0.93388888;0.04555555;23.02055555;0.00000000
15;19-INTEGREX_J200;2023-08-25 00:00:00.000;9.99666666;6.94527777;7.05805555;0.00000000
15;19-INTEGREX_J200;2023-08-24 00:00:00.000;4.22194444;13.78194444;5.99611111;0.00000000
15;19-INTEGREX_J200;2023-08-23 00:00:00.000;15.24444444;8.72083333;0.03472222;0.00000000
15;19-INTEGREX_J200;2023-08-22 00:00:00.000;9.25750000;5.15722222;9.58527777;0.00000000
15;19-INTEGREX_J200;2023-08-21 00:00:00.000;4.16972222;6.85361111;12.97666666;0.00000000
15;19-INTEGREX_J200;2023-08-20 00:00:00.000;0.00000000;0.00000000;24.00000000;0.00000000
15;19-INTEGREX_J200;2023-08-19 00:00:00.000;11.59333333;10.15166666;2.25500000;0.00000000
15;19-INTEGREX_J200;2023-08-18 00:00:00.000;9.52861111;6.06416666;8.40722222;0.00000000
15;19-INTEGREX_J200;2023-08-17 00:00:00.000;6.14611111;7.44222222;10.41166666;0.00000000
15;19-INTEGREX_J200;2023-08-16 00:00:00.000;10.18194444;11.51333333;2.30472222;0.00000000
15;19-INTEGREX_J200;2023-08-15 00:00:00.000;0.00000000;24.00000000;0.00000000;0.00000000
15;19-INTEGREX_J200;2023-08-14 00:00:00.000;0.00000000;24.00000000;0.00000000;0.00000000
15;19-INTEGREX_J200;2023-08-13 00:00:00.000;0.00000000;24.00000000;0.00000000;0.00000000
15;19-INTEGREX_J200;2023-08-12 00:00:00.000;0.00000000;23.98888888;0.00000000;0.01111111
15;19-INTEGREX_J200;2023-08-11 00:00:00.000;1.52833333;22.45972222;0.01194444;0.00000000
15;19-INTEGREX_J200;2023-08-10 00:00:00.000;0.04555555;17.31805555;6.45694444;0.17944444
15;19-INTEGREX_J200;2023-08-09 00:00:00.000;7.51222222;13.32138888;3.16305555;0.00333333
15;19-INTEGREX_J200;2023-08-08 00:00:00.000;0.53472222;8.44333333;15.02083333;0.00111111
15;19-INTEGREX_J200;2023-08-07 00:00:00.000;0.00000000;8.89888888;15.10111111;0.00000000
15;19-INTEGREX_J200;2023-08-06 00:00:00.000;0.00000000;16.56194444;0.00000000;7.43805555
15;19-INTEGREX_J200;2023-08-05 00:00:00.000;2.26138888;9.23388888;5.99666666;6.50805555
15;19-INTEGREX_J200;2023-08-04 00:00:00.000;7.94611111;15.79027777;0.26361111;0.00000000
15;19-INTEGREX_J200;2023-08-03 00:00:00.000;0.37277777;16.31194444;7.31527777;0.00000000
15;19-INTEGREX_J200;2023-08-02 00:00:00.000;9.44611111;14.54055555;0.01333333;0.00000000
15;19-INTEGREX_J200;2023-08-01 00:00:00.000;10.13972222;4.82472222;9.03416666;0.00138888
15;19-INTEGREX_J200;2023-07-31 00:00:00.000;1.37833333;12.54277777;1.06750000;9.01138888
15;19-INTEGREX_J200;2023-07-30 00:00:00.000;4.45916666;9.00361111;4.73111111;5.80611111
15;19-INTEGREX_J200;2023-07-29 00:00:00.000;13.39000000;10.61000000;0.00000000;0.00000000
15;19-INTEGREX_J200;2023-07-28 00:00:00.000;9.99527777;13.91527777;0.08944444;0.00000000
15;19-INTEGREX_J200;2023-07-27 00:00:00.000;7.45694444;10.52805555;5.84305555;0.17194444
15;19-INTEGREX_J200;2023-07-26 00:00:00.000;8.52833333;8.35111111;7.12055555;0.00000000
15;19-INTEGREX_J200;2023-07-25 00:00:00.000;15.31111111;8.41250000;0.27638888;0.00000000
15;19-INTEGREX_J200;2023-07-24 00:00:00.000;10.94750000;5.86500000;7.11944444;0.06805555
15;19-INTEGREX_J200;2023-07-23 00:00:00.000;8.15416666;11.92138888;3.92444444;0.00000000
15;19-INTEGREX_J200;2023-07-22 00:00:00.000;14.03805555;4.49111111;5.47083333;0.00000000
15;19-INTEGREX_J200;2023-07-21 00:00:00.000;21.57916666;2.42083333;0.00000000;0.00000000
15;19-INTEGREX_J200;2023-07-20 00:00:00.000;16.14083333;7.85361111;0.00555555;0.00000000
15;19-INTEGREX_J200;2023-07-19 00:00:00.000;17.35611111;6.64388888;0.00000000;0.00000000
15;19-INTEGREX_J200;2023-07-18 00:00:00.000;16.08972222;6.15388888;0.11000000;1.64638888
15;19-INTEGREX_J200;2023-07-17 00:00:00.000;22.10111111;1.89888888;0.00000000;0.00000000
15;19-INTEGREX_J200;2023-07-16 00:00:00.000;23.26805555;0.73194444;0.00000000;0.00000000
15;19-INTEGREX_J200;2023-07-15 00:00:00.000;20.18166666;3.78722222;0.02388888;0.00722222
15;19-INTEGREX_J200;2023-07-14 00:00:00.000;23.12750000;0.87250000;0.00000000;0.00000000
15;19-INTEGREX_J200;2023-07-13 00:00:00.000;20.83888888;3.15388888;0.00000000;0.00722222
15;19-INTEGREX_J200;2023-07-12 00:00:00.000;20.21500000;3.78250000;0.00250000;0.00000000
15;19-INTEGREX_J200;2023-07-11 00:00:00.000;16.80472222;5.12805555;0.17805555;1.88916666
15;19-INTEGREX_J200;2023-07-10 00:00:00.000;12.61694444;11.38138888;0.00166666;0.00000000
15;19-INTEGREX_J200;2023-07-09 00:00:00.000;9.27527777;14.72277777;0.00194444;0.00000000
15;19-INTEGREX_J200;2023-07-08 00:00:00.000;21.72916666;2.27083333;0.00000000;0.00000000
15;19-INTEGREX_J200;2023-07-07 00:00:00.000;7.27277777;16.16111111;0.15111111;0.41500000
15;19-INTEGREX_J200;2023-07-06 00:00:00.000;7.00611111;9.86000000;7.08805555;0.04583333
15;19-INTEGREX_J200;2023-07-05 00:00:00.000;3.53972222;12.84222222;7.60888888;0.00916666
15;19-INTEGREX_J200;2023-07-04 00:00:00.000;15.27472222;8.49611111;0.13777777;0.09138888
15;19-INTEGREX_J200;2023-07-03 00:00:00.000;15.21611111;8.69638888;0.08750000;0.00000000
15;19-INTEGREX_J200;2023-07-02 00:00:00.000;22.27750000;1.72250000;0.00000000;0.00000000
15;19-INTEGREX_J200;2023-07-01 00:00:00.000;19.43861111;4.55583333;0.00555555;0.00000000
15;19-INTEGREX_J200;2023-06-30 00:00:00.000;21.83527777;2.16472222;0.00000000;0.00000000
15;19-INTEGREX_J200;2023-06-29 00:00:00.000;10.05833333;13.75250000;0.15083333;0.03833333
15;19-INTEGREX_J200;2023-06-28 00:00:00.000;19.90583333;4.09416666;0.00000000;0.00000000
15;19-INTEGREX_J200;2023-06-27 00:00:00.000;12.76277777;11.23361111;0.00083333;0.00277777
15;19-INTEGREX_J200;2023-06-26 00:00:00.000;6.64111111;17.30555555;0.03361111;0.01972222
15;19-INTEGREX_J200;2023-06-25 00:00:00.000;16.51666666;7.48333333;0.00000000;0.00000000
15;19-INTEGREX_J200;2023-06-24 00:00:00.000;18.42944444;5.57055555;0.00000000;0.00000000
15;19-INTEGREX_J200;2023-06-23 00:00:00.000;17.57222222;6.42777777;0.00000000;0.00000000
15;19-INTEGREX_J200;2023-06-22 00:00:00.000;8.57805555;15.33333333;0.08861111;0.00000000
15;19-INTEGREX_J200;2023-06-21 00:00:00.000;6.30583333;17.60805555;0.08611111;0.00000000
15;19-INTEGREX_J200;2023-06-20 00:00:00.000;1.50416666;10.71611111;2.45611111;9.32361111
15;19-INTEGREX_J200;2023-06-19 00:00:00.000;0.00055555;14.94055555;0.27694444;8.78194444
15;19-INTEGREX_J200;2023-06-18 00:00:00.000;0.00000000;24.00000000;0.00000000;0.00000000
15;19-INTEGREX_J200;2023-06-17 00:00:00.000;0.00055555;23.89472222;0.00000000;0.10472222
15;19-INTEGREX_J200;2023-06-16 00:00:00.000;12.81694444;11.04083333;0.14222222;0.00000000
15;19-INTEGREX_J200;2023-06-15 00:00:00.000;9.62583333;14.25166666;0.00416666;0.11833333
15;19-INTEGREX_J200;2023-06-14 00:00:00.000;9.12222222;7.84055555;7.03277777;0.00444444
15;19-INTEGREX_J200;2023-06-13 00:00:00.000;2.68333333;15.34222222;5.97444444;0.00000000
15;19-INTEGREX_J200;2023-06-12 00:00:00.000;9.80083333;14.08444444;0.11472222;0.00000000
15;19-INTEGREX_J200;2023-06-11 00:00:00.000;7.33361111;16.66388888;0.00250000;0.00000000
15;19-INTEGREX_J200;2023-06-10 00:00:00.000;14.45972222;9.53777777;0.00250000;0.00000000
15;19-INTEGREX_J200;2023-06-09 00:00:00.000;8.33638888;15.65000000;0.01361111;0.00000000
15;19-INTEGREX_J200;2023-06-08 00:00:00.000;15.57194444;8.42333333;0.00472222;0.00000000
15;19-INTEGREX_J200;2023-06-07 00:00:00.000;16.00305555;7.95527777;0.04166666;0.00000000
15;19-INTEGREX_J200;2023-06-06 00:00:00.000;11.73805555;12.01500000;0.02750000;0.21944444
15;19-INTEGREX_J200;2023-06-05 00:00:00.000;6.63777777;17.17916666;0.07250000;0.11055555
15;19-INTEGREX_J200;2023-06-04 00:00:00.000;9.10888888;14.88444444;0.00666666;0.00000000
15;19-INTEGREX_J200;2023-06-03 00:00:00.000;8.33500000;15.66500000;0.00000000;0.00000000
15;19-INTEGREX_J200;2023-06-02 00:00:00.000;10.01166666;13.98833333;0.00000000;0.00000000
15;19-INTEGREX_J200;2023-06-01 00:00:00.000;11.47944444;8.44805555;4.07250000;0.00000000
15;19-INTEGREX_J200;2023-05-31 00:00:00.000;10.22805555;13.72000000;0.05194444;0.00000000
15;19-INTEGREX_J200;2023-05-30 00:00:00.000;14.24944444;9.51777777;0.23277777;0.00000000
15;19-INTEGREX_J200;2023-05-29 00:00:00.000;6.01333333;10.50138888;0.11055555;7.37472222
15;19-INTEGREX_J200;2023-05-28 00:00:00.000;4.04750000;4.21861111;0.00000000;15.73388888
15;19-INTEGREX_J200;2023-05-27 00:00:00.000;13.87555555;3.95777777;4.99888888;1.16777777
15;19-INTEGREX_J200;2023-05-26 00:00:00.000;12.30666666;8.85222222;2.84111111;0.00000000
15;19-INTEGREX_J200;2023-05-25 00:00:00.000;14.29055555;7.59194444;2.11416666;0.00333333
15;19-INTEGREX_J200;2023-05-24 00:00:00.000;11.06277777;5.82500000;7.11222222;0.00000000
15;19-INTEGREX_J200;2023-05-23 00:00:00.000;6.34500000;16.14166666;1.51333333;0.00000000
15;19-INTEGREX_J200;2023-05-22 00:00:00.000;7.19055555;6.68583333;0.01972222;10.10388888
15;19-INTEGREX_J200;2023-05-21 00:00:00.000;0.00000000;0.00000000;0.00000000;24.00000000
15;19-INTEGREX_J200;2023-05-20 00:00:00.000;5.55444444;5.78277777;0.02222222;12.64055555
15;19-INTEGREX_J200;2023-05-19 00:00:00.000;13.67361111;8.33611111;1.99027777;0.00000000
15;19-INTEGREX_J200;2023-05-18 00:00:00.000;9.33027777;7.05472222;7.56805555;0.04694444
15;19-INTEGREX_J200;2023-05-17 00:00:00.000;8.48861111;12.84361111;2.63805555;0.02972222
15;19-INTEGREX_J200;2023-05-16 00:00:00.000;8.92861111;7.12833333;7.94305555;0.00000000
15;19-INTEGREX_J200;2023-05-15 00:00:00.000;6.52888888;4.80555555;4.37527777;8.29027777
15;19-INTEGREX_J200;2023-05-14 00:00:00.000;0.00000000;0.00000000;0.00000000;24.00000000
15;19-INTEGREX_J200;2023-05-13 00:00:00.000;17.68833333;1.02416666;0.01305555;5.27444444
15;19-INTEGREX_J200;2023-05-12 00:00:00.000;11.68944444;6.07722222;6.22972222;0.00361111
15;19-INTEGREX_J200;2023-05-11 00:00:00.000;7.96472222;8.70277777;7.33250000;0.00000000
15;19-INTEGREX_J200;2023-05-10 00:00:00.000;3.25972222;7.06694444;13.67333333;0.00000000
15;19-INTEGREX_J200;2023-05-09 00:00:00.000;5.51250000;7.19055555;11.29694444;0.00000000
15;19-INTEGREX_J200;2023-05-08 00:00:00.000;7.86944444;4.22111111;11.90944444;0.00000000
15;19-INTEGREX_J200;2023-05-07 00:00:00.000;6.66388888;12.18166666;5.15444444;0.00000000
15;19-INTEGREX_J200;2023-05-06 00:00:00.000;11.90666666;12.06250000;0.03083333;0.00000000
15;19-INTEGREX_J200;2023-05-05 00:00:00.000;9.98250000;6.72944444;7.28805555;0.00000000
15;19-INTEGREX_J200;2023-05-04 00:00:00.000;7.05611111;7.29305555;9.65083333;0.00000000
15;19-INTEGREX_J200;2023-05-03 00:00:00.000;14.59166666;8.17194444;1.23638888;0.00000000
15;19-INTEGREX_J200;2023-05-02 00:00:00.000;9.83861111;5.64111111;0.00888888;8.51138888
15;19-INTEGREX_J200;2023-05-01 00:00:00.000;0.00000000;0.00000000;0.00000000;24.00000000
15;19-INTEGREX_J200;2023-04-30 00:00:00.000;0.00000000;0.00000000;0.00000000;24.00000000
15;19-INTEGREX_J200;2023-04-29 00:00:00.000;2.43166666;3.71250000;8.06166666;9.79416666
15;19-INTEGREX_J200;2023-04-28 00:00:00.000;7.35583333;9.93277777;6.71138888;0.00000000
15;19-INTEGREX_J200;2023-04-27 00:00:00.000;9.03361111;8.28972222;6.67666666;0.00000000
15;19-INTEGREX_J200;2023-04-26 00:00:00.000;2.76527777;14.13083333;7.10388888;0.00000000
15;19-INTEGREX_J200;2023-04-25 00:00:00.000;2.54444444;0.28583333;21.16972222;0.00000000
15;19-INTEGREX_J200;2023-04-24 00:00:00.000;8.05527777;7.09694444;0.25833333;8.58944444
15;19-INTEGREX_J200;2023-04-23 00:00:00.000;0.00000000;0.00000000;0.00000000;24.00000000
15;19-INTEGREX_J200;2023-04-22 00:00:00.000;9.51777777;2.33638888;0.07527777;12.07055555
15;19-INTEGREX_J200;2023-04-21 00:00:00.000;9.63583333;14.36388888;0.00027777;0.00000000
15;19-INTEGREX_J200;2023-04-20 00:00:00.000;5.47194444;10.39416666;8.13388888;0.00000000
15;19-INTEGREX_J200;2023-04-19 00:00:00.000;5.38277777;8.20222222;8.95250000;1.46250000
15;19-INTEGREX_J200;2023-04-18 00:00:00.000;17.75805555;6.24194444;0.00000000;0.00000000
15;19-INTEGREX_J200;2023-04-17 00:00:00.000;8.84888888;7.03500000;8.05138888;0.06472222
15;19-INTEGREX_J200;2023-04-16 00:00:00.000;3.66888888;2.79333333;17.53777777;0.00000000
15;19-INTEGREX_J200;2023-04-15 00:00:00.000;20.83472222;2.92750000;0.01027777;0.22750000
15;19-INTEGREX_J200;2023-04-14 00:00:00.000;14.16361111;9.83611111;0.00027777;0.00000000
15;19-INTEGREX_J200;2023-04-13 00:00:00.000;15.04388888;8.95611111;0.00000000;0.00000000
15;19-INTEGREX_J200;2023-04-12 00:00:00.000;17.95333333;5.89916666;0.05083333;0.09666666
15;19-INTEGREX_J200;2023-04-11 00:00:00.000;7.70944444;8.11305555;0.03138888;8.14611111
15;19-INTEGREX_J200;2023-04-10 00:00:00.000;0.00000000;0.00000000;0.00000000;24.00000000
15;19-INTEGREX_J200;2023-04-09 00:00:00.000;0.00000000;0.00000000;0.00000000;24.00000000
15;19-INTEGREX_J200;2023-04-08 00:00:00.000;0.00000000;0.00000000;0.00000000;24.00000000
15;19-INTEGREX_J200;2023-04-07 00:00:00.000;3.84500000;13.55111111;0.03638888;6.56750000
15;19-INTEGREX_J200;2023-04-06 00:00:00.000;12.38888888;11.60805555;0.00305555;0.00000000
15;19-INTEGREX_J200;2023-04-05 00:00:00.000;11.80416666;7.42555555;4.77027777;0.00000000
15;19-INTEGREX_J200;2023-04-04 00:00:00.000;14.77472222;9.22361111;0.00166666;0.00000000
15;19-INTEGREX_J200;2023-04-03 00:00:00.000;9.98305555;14.00527777;0.01166666;0.00000000
15;19-INTEGREX_J200;2023-04-02 00:00:00.000;11.67972222;12.32027777;0.00000000;0.00000000
15;19-INTEGREX_J200;2023-04-01 00:00:00.000;10.62500000;13.35166666;0.02333333;0.00000000
15;19-INTEGREX_J200;2023-03-31 00:00:00.000;14.60694444;9.38722222;0.00583333;0.00000000
15;19-INTEGREX_J200;2023-03-30 00:00:00.000;21.12500000;2.83750000;0.03750000;0.00000000
15;19-INTEGREX_J200;2023-03-29 00:00:00.000;20.98138888;3.01166666;0.00694444;0.00000000
15;19-INTEGREX_J200;2023-03-28 00:00:00.000;15.64472222;8.35333333;0.00194444;0.00000000
15;19-INTEGREX_J200;2023-03-27 00:00:00.000;10.81027777;12.95861111;0.23111111;0.00000000
15;19-INTEGREX_J200;2023-03-26 00:00:00.000;11.07000000;12.93000000;0.00000000;0.00000000
15;19-INTEGREX_J200;2023-03-25 00:00:00.000;21.27083333;2.72638888;0.00277777;0.00000000
15;19-INTEGREX_J200;2023-03-24 00:00:00.000;11.30000000;4.98111111;7.71888888;0.00000000
15;19-INTEGREX_J200;2023-03-23 00:00:00.000;8.79194444;7.82388888;7.38416666;0.00000000
15;19-INTEGREX_J200;2023-03-22 00:00:00.000;13.94583333;9.99472222;0.05944444;0.00000000
15;19-INTEGREX_J200;2023-03-21 00:00:00.000;19.42361111;4.53222222;0.04416666;0.00000000
15;19-INTEGREX_J200;2023-03-20 00:00:00.000;18.43500000;5.56416666;0.00083333;0.00000000
15;19-INTEGREX_J200;2023-03-19 00:00:00.000;8.46083333;15.53861111;0.00055555;0.00000000
15;19-INTEGREX_J200;2023-03-18 00:00:00.000;12.64638888;3.33277777;8.02083333;0.00000000
15;19-INTEGREX_J200;2023-03-17 00:00:00.000;11.13222222;12.60916666;0.25861111;0.00000000
15;19-INTEGREX_J200;2023-03-16 00:00:00.000;9.20805555;6.57888888;8.21305555;0.00000000
15;19-INTEGREX_J200;2023-03-15 00:00:00.000;7.15750000;10.54222222;6.29388888;0.00638888
15;19-INTEGREX_J200;2023-03-14 00:00:00.000;10.21972222;13.41000000;0.37027777;0.00000000
15;19-INTEGREX_J200;2023-03-13 00:00:00.000;8.72444444;7.07138888;8.09083333;0.11333333
15;19-INTEGREX_J200;2023-03-12 00:00:00.000;5.69888888;8.91472222;9.36638888;0.02000000
15;19-INTEGREX_J200;2023-03-11 00:00:00.000;3.96861111;14.35250000;4.07472222;1.60416666
15;19-INTEGREX_J200;2023-03-10 00:00:00.000;6.47555555;9.50416666;8.02027777;0.00000000
15;19-INTEGREX_J200;2023-03-09 00:00:00.000;9.42416666;6.12055555;8.45527777;0.00000000
15;19-INTEGREX_J200;2023-03-08 00:00:00.000;10.31916666;4.44083333;9.24000000;0.00000000
15;19-INTEGREX_J200;2023-03-07 00:00:00.000;4.99305555;9.27722222;9.72972222;0.00000000
15;19-INTEGREX_J200;2023-03-06 00:00:00.000;3.77638888;7.21750000;13.00611111;0.00000000
15;19-INTEGREX_J200;2023-03-05 00:00:00.000;1.37527777;0.61527777;22.00944444;0.00000000
15;19-INTEGREX_J200;2023-03-04 00:00:00.000;13.15361111;2.81694444;8.02944444;0.00000000
15;19-INTEGREX_J200;2023-03-03 00:00:00.000;5.42805555;9.99722222;8.57472222;0.00000000
15;19-INTEGREX_J200;2023-03-02 00:00:00.000;13.24000000;6.72416666;4.03583333;0.00000000
15;19-INTEGREX_J200;2023-03-01 00:00:00.000;18.61611111;5.29833333;0.08555555;0.00000000
15;19-INTEGREX_J200;2023-02-28 00:00:00.000;14.55722222;5.31638888;4.12638888;0.00000000
15;19-INTEGREX_J200;2023-02-27 00:00:00.000;19.66222222;4.33722222;0.00055555;0.00000000
15;19-INTEGREX_J200;2023-02-26 00:00:00.000;22.36111111;0.86944444;0.76944444;0.00000000
15;19-INTEGREX_J200;2023-02-25 00:00:00.000;14.97111111;9.02888888;0.00000000;0.00000000
15;19-INTEGREX_J200;2023-02-24 00:00:00.000;15.10111111;6.30916666;2.58972222;0.00000000
15;19-INTEGREX_J200;2023-02-23 00:00:00.000;16.07222222;7.91555555;0.01222222;0.00000000
15;19-INTEGREX_J200;2023-02-22 00:00:00.000;14.56694444;9.42916666;0.00388888;0.00000000
15;19-INTEGREX_J200;2023-02-21 00:00:00.000;16.74472222;7.25361111;0.00166666;0.00000000
15;19-INTEGREX_J200;2023-02-20 00:00:00.000;13.77416666;10.22333333;0.00250000;0.00000000
15;19-INTEGREX_J200;2023-02-19 00:00:00.000;10.83111111;5.06444444;8.10444444;0.00000000
15;19-INTEGREX_J200;2023-02-18 00:00:00.000;8.14583333;3.65805555;12.14777777;0.04833333
15;19-INTEGREX_J200;2023-02-17 00:00:00.000;9.53833333;2.49888888;11.85500000;0.10777777
15;19-INTEGREX_J200;2023-02-16 00:00:00.000;14.40361111;8.05194444;1.42472222;0.11972222
15;19-INTEGREX_J200;2023-02-15 00:00:00.000;15.82750000;8.16361111;0.00888888;0.00000000
15;19-INTEGREX_J200;2023-02-14 00:00:00.000;17.31083333;6.68750000;0.00166666;0.00000000
15;19-INTEGREX_J200;2023-02-13 00:00:00.000;7.76444444;7.75166666;8.44944444;0.03444444
15;19-INTEGREX_J200;2023-02-12 00:00:00.000;7.54888888;14.81055555;1.64055555;0.00000000
15;19-INTEGREX_J200;2023-02-11 00:00:00.000;14.70083333;7.60277777;0.62666666;1.06972222
15;19-INTEGREX_J200;2023-02-10 00:00:00.000;8.02527777;10.02555555;5.76138888;0.18777777
15;19-INTEGREX_J200;2023-02-09 00:00:00.000;16.78527777;4.26805555;2.94666666;0.00000000
15;19-INTEGREX_J200;2023-02-08 00:00:00.000;13.10000000;7.59277777;3.30722222;0.00000000
15;19-INTEGREX_J200;2023-02-07 00:00:00.000;10.91611111;12.24416666;0.83972222;0.00000000
15;19-INTEGREX_J200;2023-02-06 00:00:00.000;4.89138888;9.83027777;9.27833333;0.00000000
15;19-INTEGREX_J200;2023-02-05 00:00:00.000;6.53500000;17.04972222;0.41527777;0.00000000
15;19-INTEGREX_J200;2023-02-04 00:00:00.000;12.47861111;11.52138888;0.00000000;0.00000000
15;19-INTEGREX_J200;2023-02-03 00:00:00.000;7.34583333;11.80583333;4.84833333;0.00000000
15;19-INTEGREX_J200;2023-02-02 00:00:00.000;7.75388888;8.12500000;8.12111111;0.00000000
15;19-INTEGREX_J200;2023-02-01 00:00:00.000;8.21666666;12.55416666;3.22916666;0.00000000
15;19-INTEGREX_J200;2023-01-31 00:00:00.000;10.95138888;13.02583333;0.02277777;0.00000000
15;19-INTEGREX_J200;2023-01-30 00:00:00.000;9.79000000;6.11944444;8.09055555;0.00000000
15;19-INTEGREX_J200;2023-01-29 00:00:00.000;4.92194444;14.44416666;4.63388888;0.00000000
15;19-INTEGREX_J200;2023-01-28 00:00:00.000;12.95333333;11.04666666;0.00000000;0.00000000
15;19-INTEGREX_J200;2023-01-27 00:00:00.000;15.75833333;8.23916666;0.00250000;0.00000000
15;19-INTEGREX_J200;2023-01-26 00:00:00.000;8.91944444;14.98611111;0.09444444;0.00000000
15;19-INTEGREX_J200;2023-01-25 00:00:00.000;5.47222222;18.51972222;0.00805555;0.00000000
15;19-INTEGREX_J200;2023-01-24 00:00:00.000;5.21027777;10.78722222;8.00250000;0.00000000
15;19-INTEGREX_J200;2023-01-23 00:00:00.000;8.93888888;6.63555555;8.42555555;0.00000000
15;19-INTEGREX_J200;2023-01-22 00:00:00.000;6.29361111;17.70277777;0.00361111;0.00000000
15;19-INTEGREX_J200;2023-01-21 00:00:00.000;16.01888888;6.22138888;1.75972222;0.00000000
15;19-INTEGREX_J200;2023-01-20 00:00:00.000;12.80722222;11.17611111;0.01666666;0.00000000
15;19-INTEGREX_J200;2023-01-19 00:00:00.000;12.44861111;7.69555555;3.85583333;0.00000000
15;19-INTEGREX_J200;2023-01-18 00:00:00.000;11.99666666;11.98472222;0.01861111;0.00000000
15;19-INTEGREX_J200;2023-01-17 00:00:00.000;13.81027777;3.50805555;6.68166666;0.00000000
15;19-INTEGREX_J200;2023-01-16 00:00:00.000;7.98138888;8.04194444;7.97666666;0.00000000
15;19-INTEGREX_J200;2023-01-15 00:00:00.000;0.00000000;0.00000000;24.00000000;0.00000000
15;19-INTEGREX_J200;2023-01-14 00:00:00.000;13.02638888;6.70305555;4.27055555;0.00000000
15;19-INTEGREX_J200;2023-01-13 00:00:00.000;15.39361111;8.59944444;0.00694444;0.00000000
15;19-INTEGREX_J200;2023-01-12 00:00:00.000;19.70111111;4.17666666;0.12222222;0.00000000
15;19-INTEGREX_J200;2023-01-11 00:00:00.000;18.81972222;5.06694444;0.00777777;0.10555555
15;19-INTEGREX_J200;2023-01-10 00:00:00.000;15.64944444;8.26166666;0.06166666;0.02722222
15;19-INTEGREX_J200;2023-01-09 00:00:00.000;10.70166666;13.16861111;0.03305555;0.09666666
15;19-INTEGREX_J200;2023-01-08 00:00:00.000;7.49250000;16.50750000;0.00000000;0.00000000
15;19-INTEGREX_J200;2023-01-07 00:00:00.000;0.00000000;24.00000000;0.00000000;0.00000000
15;19-INTEGREX_J200;2023-01-06 00:00:00.000;2.24305555;21.75694444;0.00000000;0.00000000
15;19-INTEGREX_J200;2023-01-05 00:00:00.000;13.02750000;10.96472222;0.00777777;0.00000000
15;19-INTEGREX_J200;2023-01-04 00:00:00.000;11.34750000;4.26055555;8.39194444;0.00000000
15;19-INTEGREX_J200;2023-01-03 00:00:00.000;0.00000000;0.00000000;24.00000000;0.00000000
15;19-INTEGREX_J200;2023-01-02 00:00:00.000;0.00000000;0.00000000;24.00000000;0.00000000
15;19-INTEGREX_J200;2023-01-01 00:00:00.000;0.00000000;0.00000000;24.00000000;0.00000000
15;19-INTEGREX_J200;2022-12-31 00:00:00.000;3.07555555;0.23333333;20.69111111;0.00000000
15;19-INTEGREX_J200;2022-12-30 00:00:00.000;7.91722222;16.05750000;0.02527777;0.00000000
15;19-INTEGREX_J200;2022-12-29 00:00:00.000;6.65361111;10.17222222;7.17416666;0.00000000
15;19-INTEGREX_J200;2022-12-28 00:00:00.000;9.80777777;5.19277777;8.99944444;0.00000000
15;19-INTEGREX_J200;2022-12-27 00:00:00.000;6.37333333;16.12611111;1.50055555;0.00000000
15;19-INTEGREX_J200;2022-12-26 00:00:00.000;12.62527777;11.37472222;0.00000000;0.00000000
15;19-INTEGREX_J200;2022-12-25 00:00:00.000;0.00000000;24.00000000;0.00000000;0.00000000
15;19-INTEGREX_J200;2022-12-24 00:00:00.000;5.00222222;18.99777777;0.00000000;0.00000000
15;19-INTEGREX_J200;2022-12-23 00:00:00.000;6.94194444;5.17666666;11.42583333;0.45555555
15;19-INTEGREX_J200;2022-12-22 00:00:00.000;9.15722222;7.05805555;7.62222222;0.16250000
15;19-INTEGREX_J200;2022-12-21 00:00:00.000;12.96000000;10.99666666;0.04333333;0.00000000
15;19-INTEGREX_J200;2022-12-20 00:00:00.000;6.97583333;8.70055555;8.32138888;0.00222222
15;19-INTEGREX_J200;2022-12-19 00:00:00.000;11.01111111;12.26333333;0.72555555;0.00000000
15;19-INTEGREX_J200;2022-12-18 00:00:00.000;12.89416666;11.10583333;0.00000000;0.00000000
15;19-INTEGREX_J200;2022-12-17 00:00:00.000;6.76222222;17.23777777;0.00000000;0.00000000
15;19-INTEGREX_J200;2022-12-16 00:00:00.000;9.83972222;14.14000000;0.00972222;0.01055555
15;19-INTEGREX_J200;2022-12-15 00:00:00.000;11.28138888;12.71111111;0.00750000;0.00000000
15;19-INTEGREX_J200;2022-12-14 00:00:00.000;7.16000000;16.83944444;0.00000000;0.00055555
15;19-INTEGREX_J200;2022-12-13 00:00:00.000;10.02277777;13.97444444;0.00277777;0.00000000
15;19-INTEGREX_J200;2022-12-12 00:00:00.000;11.28972222;12.70277777;0.00750000;0.00000000
15;19-INTEGREX_J200;2022-12-11 00:00:00.000;5.91638888;9.93361111;8.15000000;0.00000000
15;19-INTEGREX_J200;2022-12-10 00:00:00.000;4.36694444;0.76027777;18.87277777;0.00000000
15;19-INTEGREX_J200;2022-12-09 00:00:00.000;10.83944444;13.14972222;0.01083333;0.00000000
15;19-INTEGREX_J200;2022-12-08 00:00:00.000;13.72888888;9.84750000;0.06222222;0.36138888
15;19-INTEGREX_J200;2022-12-07 00:00:00.000;10.97500000;13.01166666;0.01333333;0.00000000
15;19-INTEGREX_J200;2022-12-06 00:00:00.000;11.42388888;12.57555555;0.00055555;0.00000000
15;19-INTEGREX_J200;2022-12-05 00:00:00.000;11.92000000;12.05583333;0.01388888;0.01027777
15;19-INTEGREX_J200;2022-12-04 00:00:00.000;10.57027777;13.42972222;0.00000000;0.00000000
